-- phpMyAdmin SQL Dump
-- version 4.8.3
-- https://www.phpmyadmin.net/
--
-- Hôte : 127.0.0.1:3306
-- Généré le :  Dim 13 jan. 2019 à 16:32
-- Version du serveur :  5.7.23
-- Version de PHP :  7.2.10

SET SQL_MODE = "NO_AUTO_VALUE_ON_ZERO";
SET AUTOCOMMIT = 0;
START TRANSACTION;
SET time_zone = "+00:00";


/*!40101 SET @OLD_CHARACTER_SET_CLIENT=@@CHARACTER_SET_CLIENT */;
/*!40101 SET @OLD_CHARACTER_SET_RESULTS=@@CHARACTER_SET_RESULTS */;
/*!40101 SET @OLD_COLLATION_CONNECTION=@@COLLATION_CONNECTION */;
/*!40101 SET NAMES utf8mb4 */;

--
-- Base de données :  `ensakcv`
--

-- --------------------------------------------------------

--
-- Structure de la table `administrateur`
--

DROP TABLE IF EXISTS `administrateur`;
CREATE TABLE IF NOT EXISTS `administrateur` (
  `id_admin` int(50) NOT NULL AUTO_INCREMENT,
  `login` varchar(100) NOT NULL,
  `password` varchar(100) NOT NULL,
  PRIMARY KEY (`id_admin`)
) ENGINE=InnoDB AUTO_INCREMENT=2 DEFAULT CHARSET=latin1;

--
-- Déchargement des données de la table `administrateur`
--

INSERT INTO `administrateur` (`id_admin`, `login`, `password`) VALUES
(1, 'admin', 'Yxi1209');

-- --------------------------------------------------------

--
-- Structure de la table `annonce`
--

DROP TABLE IF EXISTS `annonce`;
CREATE TABLE IF NOT EXISTS `annonce` (
  `id_annonce` int(50) NOT NULL AUTO_INCREMENT,
  `titre` varchar(100) NOT NULL,
  `description` text NOT NULL,
  `dt_debut` date NOT NULL,
  `dt_fin` date NOT NULL,
  `logo` varchar(45) NOT NULL,
  PRIMARY KEY (`id_annonce`)
) ENGINE=InnoDB DEFAULT CHARSET=latin1;

-- --------------------------------------------------------

--
-- Structure de la table `competence`
--

DROP TABLE IF EXISTS `competence`;
CREATE TABLE IF NOT EXISTS `competence` (
  `Id_competence` int(11) NOT NULL AUTO_INCREMENT,
  `Titre_comp` text,
  `Id_cv` int(11) DEFAULT NULL,
  PRIMARY KEY (`Id_competence`)
) ENGINE=MyISAM AUTO_INCREMENT=85 DEFAULT CHARSET=latin1;

--
-- Déchargement des données de la table `competence`
--

INSERT INTO `competence` (`Id_competence`, `Titre_comp`, `Id_cv`) VALUES
(78, 'Les langages HTML CSS PHP SQL C PYTHON', 703),
(82, 'Les langages HTML CSS PHP SQL C PYTHON', 392),
(83, 'Les langages HTML CSS PHP SQL C PYTHON', 399),
(84, 'Les langages CSS,HTML,Python,C,Sql', 896);

-- --------------------------------------------------------

--
-- Structure de la table `cv`
--

DROP TABLE IF EXISTS `cv`;
CREATE TABLE IF NOT EXISTS `cv` (
  `Id_cv` int(11) NOT NULL,
  `Tele` int(11) DEFAULT NULL,
  `Email` varchar(40) DEFAULT NULL,
  `Ville` varchar(200) NOT NULL,
  `Date_naissance` date DEFAULT NULL,
  `Annee_naissance` int(11) NOT NULL,
  `Nationnalité` varchar(15) DEFAULT NULL,
  `Situation_familiale` varchar(15) DEFAULT NULL,
  `Loisirs` text,
  `image` varchar(50) DEFAULT NULL,
  PRIMARY KEY (`Id_cv`)
) ENGINE=MyISAM DEFAULT CHARSET=latin1;

--
-- Déchargement des données de la table `cv`
--

INSERT INTO `cv` (`Id_cv`, `Tele`, `Email`, `Ville`, `Date_naissance`, `Annee_naissance`, `Nationnalité`, `Situation_familiale`, `Loisirs`, `image`) VALUES
(703, 659547651, 'elboukhariinisrine@gmail.com', 'Rabat', '1997-11-22', 1997, 'marocaine', 'célibataire', 'Jouer aux échecs', '703jpg'),
(392, 707077598, 'rania.boumazzough@uit.ac.ma', 'Casablanca', '1998-04-15', 1998, 'marocaine', 'célibataire', 'voyage', '392jpg'),
(399, 622421803, 'chaimabenkaddour98@gmail.com', 'Salé', '1998-01-02', 1998, 'Marocaine', 'célibataire', 'Sport', '399jpg'),
(896, 679317980, 'elbikrisafae@gmail.com', 'mohammedia', '1997-02-20', 1997, 'marocaine', 'célibataire', 'Lecture et Voyage', '896jpg');

-- --------------------------------------------------------

--
-- Structure de la table `demande`
--

DROP TABLE IF EXISTS `demande`;
CREATE TABLE IF NOT EXISTS `demande` (
  `id_demande` int(50) NOT NULL AUTO_INCREMENT,
  `id_annonce_demande` int(50) NOT NULL,
  `apogee_demande` int(50) NOT NULL,
  PRIMARY KEY (`id_demande`),
  KEY `id_annonce` (`apogee_demande`,`id_annonce_demande`)
) ENGINE=InnoDB AUTO_INCREMENT=8 DEFAULT CHARSET=latin1;

--
-- Déchargement des données de la table `demande`
--

INSERT INTO `demande` (`id_demande`, `id_annonce_demande`, `apogee_demande`) VALUES
(1, 3, 18006288),
(7, 29, 18007112),
(2, 3, 18007206),
(6, 29, 18009437);

-- --------------------------------------------------------

--
-- Structure de la table `diplome`
--

DROP TABLE IF EXISTS `diplome`;
CREATE TABLE IF NOT EXISTS `diplome` (
  `Id_diplome` int(11) NOT NULL AUTO_INCREMENT,
  `Titre_dip` varchar(50) DEFAULT NULL,
  `date_obt` date DEFAULT NULL,
  `lieu_obt` varchar(30) DEFAULT NULL,
  `Id_cv` int(11) DEFAULT NULL,
  PRIMARY KEY (`Id_diplome`)
) ENGINE=MyISAM AUTO_INCREMENT=56 DEFAULT CHARSET=latin1;

--
-- Déchargement des données de la table `diplome`
--

INSERT INTO `diplome` (`Id_diplome`, `Titre_dip`, `date_obt`, `lieu_obt`, `Id_cv`) VALUES
(50, 'Baccalaureat scientifique', '2016-06-20', 'Rabat', 703),
(53, 'Baccalaureat scientifique', '2016-06-20', 'Bouskoura', 392),
(54, 'Baccalauréat Sciences Mathématiques A', '2016-06-20', 'Salé', 399),
(55, 'Bacalaureat scientifique', '2016-06-20', 'mohammedia', 896);

-- --------------------------------------------------------

--
-- Structure de la table `entreprise`
--

DROP TABLE IF EXISTS `entreprise`;
CREATE TABLE IF NOT EXISTS `entreprise` (
  `patente` int(15) NOT NULL,
  `nom_entreprise` varchar(100) NOT NULL,
  `type_entreprise` varchar(100) NOT NULL,
  `logo` varchar(110) NOT NULL,
  `specialite` varchar(40) NOT NULL,
  `adresse` varchar(100) NOT NULL,
  `email_e` varchar(100) NOT NULL,
  `telephone` varchar(13) NOT NULL,
  `site_web` varchar(50) NOT NULL,
  `mot_passe` varchar(110) NOT NULL,
  PRIMARY KEY (`patente`)
) ENGINE=InnoDB DEFAULT CHARSET=latin1;

--
-- Déchargement des données de la table `entreprise`
--

INSERT INTO `entreprise` (`patente`, `nom_entreprise`, `type_entreprise`, `logo`, `specialite`, `adresse`, `email_e`, `telephone`, `site_web`, `mot_passe`) VALUES
(2013, 'ONCF', 'Commercial', 'ONCFjpg', 'fer', 'rabat', 'elndcjnbdsjc@gmzl.com', '0679317980', 'www.bdsfj.com', '4545');

-- --------------------------------------------------------

--
-- Structure de la table `etudiant`
--

DROP TABLE IF EXISTS `etudiant`;
CREATE TABLE IF NOT EXISTS `etudiant` (
  `apogee` int(50) NOT NULL,
  `nom` varchar(120) NOT NULL,
  `prenom` varchar(100) NOT NULL,
  `email` varchar(110) NOT NULL,
  `id_cv` int(11) NOT NULL AUTO_INCREMENT,
  PRIMARY KEY (`apogee`),
  KEY `id_cv` (`id_cv`)
) ENGINE=MyISAM AUTO_INCREMENT=1705 DEFAULT CHARSET=latin1;

--
-- Déchargement des données de la table `etudiant`
--

INSERT INTO `etudiant` (`apogee`, `nom`, `prenom`, `email`, `id_cv`) VALUES
(18006288, 'ARIRI', 'OUSSAMA', 'oussama.ariri@uit.ac.ma', 1),
(18007066, 'LAABID', 'MANALE', 'manale.laabid@uit.ac.ma', 2),
(18007112, 'EL AMRANI', 'HIBA', 'hiba.elamrani@uit.ac.ma', 3),
(18007206, 'NAYAB', 'SALMA', 'salma.nayab@uit.ac.ma', 4),
(18007311, 'HASSINA', 'YOUSRA', 'yousra.hassina@uit.ac.ma', 5),
(18006647, 'GRANI', 'MOUAD', 'mouad.grani@uit.ac.ma', 6),
(18006791, 'AL OUARDI', 'SALMA', 'salma.alouardi@uit.ac.ma', 7),
(18007427, 'ELAITARI', 'SOUKAINA', 'soukaina.elaitari@uit.ac.ma', 8),
(18007440, 'BELLAALA', 'MOHAMED', 'mohamed.bellaala@uit.ac.ma', 9),
(18009437, 'BENTALEB', 'RANIA', 'rania.bentaleb@uit.ac.ma', 10),
(18007934, 'SAKHI', 'ABIR', 'abir.sakhi@uit.ac.ma', 11),
(18009424, 'BENABDERRAZEK', 'HAMZA', 'hamza.benabderrazek@uit.ac.ma', 12),
(18009001, 'BOUFOUS', 'IBTIHAL', 'ibtihal.boufous@uit.ac.ma', 13),
(18009199, 'LOUZI', 'HANANE', 'hanane.louzi@uit.ac.ma', 14),
(18009444, 'LAAMARTI', 'AKRAM', 'akram.laamarti@uit.ac.ma', 15),
(18006283, 'AZROU', 'ABDELHAFID', 'abdelhafid.azrou@uit.ac.ma', 16),
(18007045, 'ZANNOUTI', 'HAMZA', 'hamza.zannouti@uit.ac.ma', 17),
(18007070, 'EL MOUJOUDI', 'OUMAIMA', 'oumaima.elmoujoudi@uit.ac.ma', 18),
(18006355, 'BARGACH', 'HAMZA', 'hamza.bargach1@uit.ac.ma', 19),
(18006439, 'EL AMRANI', 'AYMAN', 'ayman.elamrani@uit.ac.ma', 20),
(18007266, 'EL FATIH', 'NAJIBA', 'najiba.elfatih@uit.ac.ma', 21),
(18007282, 'FAROUQ', 'SOMIA', 'somia.farouq@uit.ac.ma', 22),
(18007417, 'HADDI', 'MOHAMED', 'mohamed.haddi@uit.ac.ma', 23),
(18006816, 'MAZOUZI', 'SAAD', 'saad.mazouzi@uit.ac.ma', 24),
(18009425, 'OUMARGHAD', ' AHMED AMINE', 'ahmedamine.oumarghad@uit.ac.ma', 25),
(18009429, 'SMYEJ', 'MOHAMED', 'mohamed.smyej@uit.ac.ma', 26),
(18007869, 'OUMAMI', 'MARYAM', 'maryam.oumami@uit.ac.ma', 27),
(18009433, 'IFRAH', 'MARWANE', 'marwane.ifrah@uit.ac.ma', 28),
(18007986, 'ABTAL', 'DOUAA', 'douaa.abtal@uit.ac.ma', 29),
(18009395, 'HARRAZ', 'AYMANE', 'aymane.harraz@uit.ac.ma', 30),
(18009404, 'VALL KHEIR', 'ZEINEBOU', 'zeinebou.vallkheir@uit.ac.ma', 31),
(18009003, 'BENBOUNOU', 'CHAIMAE', 'chaimae.benbounou@uit.ac.ma', 32),
(18009441, 'EL-AZHARI', 'NAJWA', 'najwa.elazhari@uit.ac.ma', 33),
(18009393, 'LAHMINE', 'SALIM', 'salim.lahmine@uit.ac.ma', 34),
(18009968, 'EL GHABI', 'SAFAE', 'safae.elghabi@uit.ac.ma', 35),
(18000209, 'ETTOUHAMI', 'MAROUANE', 'marouane.ettouhami@uit.ac.ma', 36),
(18000188, 'BENKMIL', 'MANAL', 'manal.benkmil@uit.ac.ma', 37),
(18000165, 'SAHRAOUI', 'AMINE', 'amine.sahraoui@uit.ac.ma', 38),
(18000198, 'KHALLADI', 'ABDERRAZAK', 'abderrazak.khalladi@uit.ac.ma', 39),
(18000226, 'BARKA', 'OMAR', 'omar.barka@uit.ac.ma', 40),
(18000098, 'BOUKHAYMA', 'ASMAE', 'asmae.boukhayma@uit.ac.ma', 41),
(18000218, 'LAFDALI', 'HAMZA', 'hamza.lafdali@uit.ac.ma', 42),
(18000147, 'LARGO', 'HOUSSAM', 'houssam.largo@uit.ac.ma', 43),
(18000041, 'BENZIANE', 'DOUNIA', 'dounia.benziane@uit.ac.ma', 44),
(18000181, 'KHAYATI', 'ANASS', 'anass.khayati@uit.ac.ma', 45),
(18000168, 'MEZOIR', 'OUSSAMA', 'oussama.mezoir@uit.ac.ma', 46),
(18000102, 'EL-FAHSI', 'SALMA', 'salma.elfahsi@uit.ac.ma', 47),
(18000178, 'BENAMI', 'MOHAMED', 'mohamed.benami@uit.ac.ma', 48),
(18000114, 'EL ATTOUCH', 'MOHAMMED', 'mohammed.elattouch@uit.ac.ma', 49),
(18000028, 'EL GARNI', 'YOUNES', 'younes.elgarni@uit.ac.ma', 50),
(18000109, 'HAJJI', 'KHADIJA', 'khadija.hajji@uit.ac.ma', 51),
(18000035, 'HALAOUI', 'MOHAMMED', 'mohammed.halaoui@uit.ac.ma', 52),
(18000048, 'NASSRI', 'AYMAN', 'ayman.nassri@uit.ac.ma', 53),
(18000095, 'ZIZI', 'IMANE', 'imane.zizi@uit.ac.ma', 54),
(18007341, 'IBNOU ELFAKIR', 'SOUKAINA', 'soukaina.ibnouelfakir@uit.ac.ma', 55),
(18006259, 'ABI', 'HATIM', 'hatim.abi@uit.ac.ma', 56),
(18006756, 'AZZOUZI', 'LOUBNA', 'loubna.azzouzi@uit.ac.ma', 57),
(18006828, 'MAZOZ', 'ANAS', 'anas.mazoz@uit.ac.ma', 58),
(18007892, 'QORADI', 'OUMAIMA', 'oumaima.qoradi@uit.ac.ma', 59),
(18009377, 'EL FILALI', 'MOHAMED SALEM', 'mohamedsalem.elfilali@uit.ac.ma', 60),
(18009006, 'ESSAOUDI', 'FATIMA', 'fatima.essaoudi@uit.ac.ma', 61),
(18009015, 'BERBACH', 'MALIK', 'malik.berbach@uit.ac.ma', 62),
(18009449, 'M KHAITIR CHIEKH', 'MAMINA', 'mamina.mkhaitirchiekh@uit.ac.ma', 63),
(18006879, 'BENABDELKRIM', 'YOUSRA', 'yousra.benabdelkrim@uit.ac.ma', 64),
(18002159, 'MRABET', 'HAFSA', 'hafsa.mrabet@uit.ac.ma', 65),
(18004591, 'STITOU', 'NIZAR', 'nizar.stitou@uit.ac.ma', 66),
(18007022, 'TANANE', 'REDA', 'reda.tanane@uit.ac.ma', 67),
(18006305, 'LOUDINI', 'ABDELMALEK', 'abdelmalek.loudini@uit.ac.ma', 68),
(18007052, 'CHAREF', 'YOUSSRA', 'youssra.charef@uit.ac.ma', 69),
(18007089, 'MAKRANE', 'HANANE', 'hanane.makrane@uit.ac.ma', 70),
(18006385, 'ED-DARHRI', 'EL HASSAN', 'elhassan.eddarhri@uit.ac.ma', 71),
(18007157, 'MOUMNI', 'CHAIMAE', 'chaimae.moumni@uit.ac.ma', 72),
(18007172, 'EL OUDOUNI', 'HIND', 'hind.eloudouni@uit.ac.ma', 73),
(18007254, 'ELMORJANI', 'FATIMA - ZAHRA', 'fatimazahra.elmorjani@uit.ac.ma', 74),
(18007435, 'HAJJAJI', 'MARYEM', 'maryem.hajjaji@uit.ac.ma', 75),
(18007933, 'SMINA', 'NOUHAILA', 'nouhaila.smina@uit.ac.ma', 76),
(18007938, 'YASSINE', 'AHLAM', 'ahlam.yassine@uit.ac.ma', 77),
(18008029, 'KHATTABI', 'AMAL', 'amal.khattabi@uit.ac.ma', 78),
(18007854, 'OURAZZOUQ', 'FATIMA EZZAHRA', 'fatimaezzahra.ourazzouq@uit.ac.ma', 79),
(18007882, 'OURAGLI', 'KAOUTAR', 'kaoutar.ouragli@uit.ac.ma', 80),
(18007904, 'RHOUMDANE', 'AYA', 'aya.rhoumdane@uit.ac.ma', 81),
(18009435, 'FAHLAOUI', 'SIHAM', 'siham.fahlaoui@uit.ac.ma', 82),
(18007980, 'CHIYAT', 'HANAN', 'hanan.chiyat@uit.ac.ma', 83),
(18009387, 'GHARBI', 'IHSSANE', 'ihssane.gharbi@uit.ac.ma', 84),
(18009097, 'ZIZA', 'SOUKAINA', 'soukaina.ziza@uit.ac.ma', 85),
(18009445, 'AZZA', ' MAROUANE', 'marouane.azza@uit.ac.ma', 86),
(18006927, 'BEKKAI', 'AMIRA', 'amira.bekkai@uit.ac.ma', 87),
(18006942, 'RMICHE', 'MOHAMMED', 'mohammed.rmiche@uit.ac.ma', 88),
(18007204, 'EL AMRI', 'KAWTAR', 'kawtar.elamri@uit.ac.ma', 89),
(18007368, 'LAKHAL', 'ZINEB', 'zineb.lakhal2@uit.ac.ma', 90),
(18007936, 'ZOUHRI', 'FARAH', 'farah.zouhri@uit.ac.ma', 91),
(18007937, 'TIBARI', 'ZINEB', 'zineb.tibari@uit.ac.ma', 92),
(18008114, 'CHAKIB', 'MAOURA', 'maoura.chakib@uit.ac.ma', 93),
(18008065, 'EL AZHARY', 'SOUKAINA', 'soukaina.elazhary@uit.ac.ma', 94),
(18009086, 'SAAID', 'KENZA', 'asaisir.saaidkenza@uit.ac.ma', 95),
(18009088, 'LAZHAR', 'HAITAM', 'haitam.lazhar@uit.ac.ma', 96),
(18009004, 'ZARHLOUL', 'ZOUBIDA', 'zoubida.zarhloul@uit.ac.ma', 97),
(18009252, 'EL MAJDOULI', 'WASSIM', 'wassim.elmajdouli@uit.ac.ma', 98),
(18009027, 'ABBOU', 'HAMZA', 'hamza.abbou@uit.ac.ma', 99),
(18006321, 'ABOURRICHE', 'YOUNESS', 'youness.abourriche@uit.ac.ma', 100),
(18007055, 'JARJER', 'FATIMA', 'fatima.jarjer@uit.ac.ma', 101),
(18006364, 'BENDEFA', 'AHMED KHALIL', 'ahmedkhalil.bendefa@uit.ac.ma', 102),
(18007110, 'MOHAFID', 'NADA', 'nada.mohafid@uit.ac.ma', 103),
(18007197, 'NHARI', 'KAOUTAR', 'kaoutar.nhari@uit.ac.ma', 104),
(18007318, 'HSAIN', 'NOUHAILA', 'nouhaila.hsain@uit.ac.ma', 105),
(18006665, 'HANYF', 'OTHMANE', 'othmane.hanyf@uit.ac.ma', 106),
(18006673, 'ALAOUI-ISMAILI', 'AYA', 'aya.alaouiismaili@uit.ac.ma', 107),
(18006685, 'IBIKS', 'BADR', 'badr.ibiks@uit.ac.ma', 108),
(18006697, 'ACHAQ', 'MARIAM', 'mariam.achaq@uit.ac.ma', 109),
(18006727, 'LAMZALZY', 'ABDELLAH', 'abdellah.lamzalzy@uit.ac.ma', 110),
(18007448, 'EL MAAZOUZI', 'YASSIR', 'yassir.elmaazouzi@uit.ac.ma', 111),
(18006817, 'AGNAOU', 'MINA', 'mina.agnaou@uit.ac.ma', 112),
(18009436, 'CHERKI', 'HANAE', 'hanae.cherki@uit.ac.ma', 113),
(18008045, 'AHMED MAWIA HASSAN', 'MOHAMMED BUSHARA', 'mohammedbushara.ahmedmawiahassan@uit.ac.ma', 114),
(18009005, 'EL HAOUARI', 'FAHD', 'fahd.elhaouari@uit.ac.ma', 115),
(18009438, 'OUCHNAHIM', 'FATIMA ZAHRA', 'fatimazahra.ouchnahim@uit.ac.ma', 116),
(18009488, 'AMZIL', 'IBTISSAME', 'ibtissame.amzil@uit.ac.ma', 117),
(18009448, 'ETCHOUDINAN SAMUEL', 'OLUSHEGUM KPESSOU', 'olushegumkpessou.etchoudinansamuel@uit.ac.ma', 118),
(18007012, 'BENGELOUNE', 'HIBA', 'hiba.bengeloune@uit.ac.ma', 119),
(18006400, 'ECHTOUKI', 'MOHAMED', 'mohamed.echtouki@uit.ac.ma', 120),
(18007102, 'EL HAJJI', 'MOUNA', 'mouna.elhajji@uit.ac.ma', 121),
(18007124, 'EL GUEROUANI', 'MANAL', 'manal.elguerouani1@uit.ac.ma', 122),
(18006421, 'EL IDRYSY EL MORABITY', 'HATIM', 'hatim.elidrysyelmorabity@uit.ac.ma', 123),
(18006457, 'EL MEKKAOUI', 'OMAR', 'omar.elmekkaoui@uit.ac.ma', 124),
(18006469, 'FETTOUKH', 'ACHRAF', 'achraf.fettoukh@uit.ac.ma', 125),
(18007150, 'MASROUR', 'OUMAYMA', 'oumayma.masrour@uit.ac.ma', 126),
(18007169, 'MOFAKIR', 'NISRINE', 'nisrine.mofakir@uit.ac.ma', 127),
(18007407, 'EL BRINSSI', 'OUMAYMA', 'oumayma.elbrinssi@uit.ac.ma', 128),
(18006772, 'ASSMOUGUE', 'ASMAE', 'asmae.assmougue@uit.ac.ma', 129),
(18006834, 'BROUZIYNE', 'ASMAA', 'asmaa.brouziyne@uit.ac.ma', 130),
(18007488, 'ZIZI', 'LINA', 'lina.zizi@uit.ac.ma', 131),
(18009439, 'EL AMRI', 'FATIMA ZAHRAE', 'fatimazahrae.elamri@uit.ac.ma', 132),
(18009434, 'DAHBI', 'YOUSSEF', 'youssef.dahbi1@uit.ac.ma', 133),
(18007992, 'EL MOUSSAOUI', 'HAIFAE', 'haifae.elmoussaoui@uit.ac.ma', 134),
(18009355, 'AGOUZAL', 'IKRAM', 'ikram.agouzal@uit.ac.ma', 135),
(18006909, 'BOUTLANE', 'MERYEM', 'meryem.boutlane@uit.ac.ma', 136),
(18006989, 'SAIDI', 'ADIL', 'adil.saidi@uit.ac.ma', 137),
(17006913, 'JIRARI', 'MERYEM', 'meryem.jirari@uit.ac.ma', 138),
(17006930, 'MACHKOUR', 'MALAKE', 'malake.machkour@uit.ac.ma', 139),
(17006955, 'BOUGATTAYA', 'SOUKAINA', 'soukaina.bougattaya@uit.ac.ma', 140),
(17006965, 'MAATI', 'KENZA', 'kenza.maati@uit.ac.ma', 141),
(17006969, 'ADDAM', 'FATIMA ZAHRA', 'fatimazahra.addam@uit.ac.ma', 142),
(17006970, 'MELHAOUI', 'RIHAB', 'rihab.melhaoui@uit.ac.ma', 143),
(17007591, 'AYAT ALLAH', 'SOUMIA', 'soumia.ayatallah@uit.ac.ma', 144),
(17007598, 'MESTOUR', 'ZOUHAIR', 'zouhair.mestour@uit.ac.ma', 145),
(17006518, 'ES SEBBANI', 'KAWTAR', 'kawtar.essebbani@uit.ac.ma', 146),
(17006532, 'ELMASGHOUNI', 'CHAIMAA', 'chaimaa.elmasghouni@uit.ac.ma', 147),
(17006537, 'EL KHANFRI', 'HAJAR', 'hajar.elkhanfri@uit.ac.ma', 148),
(17006549, 'FENNIRI', 'JIHAN', 'jihan.fenniri@uit.ac.ma', 149),
(17006369, 'ESSADI', 'MERIEM', 'meriem.essadi@uit.ac.ma', 150),
(17006389, 'ELYOSFI', 'OUMAIMA', 'oumaima.elyosfi@uit.ac.ma', 151),
(17006411, 'ELBOUHALI', 'FATIMA ZAHRA', 'fatimazahra.elbouhali@uit.ac.ma', 152),
(17006468, 'EL AAZAOUZI', 'IKRAM', 'ikram.elaazaouzi@uit.ac.ma', 153),
(17006493, 'EL MRABTI', 'RACHIDA', 'rachida.elmrabti@uit.ac.ma', 154),
(17006505, 'EL AMRANI', 'MANAL', 'manal.elamrani@uit.ac.ma', 155),
(17006752, 'SABER', 'ZINEB', 'zineb.saber@uit.ac.ma', 156),
(17006767, 'ID OUAKRIM', 'OUMAIMA', 'oumaima.idouakrim1@uit.ac.ma', 157),
(17006769, 'ER REGUYBY', 'AYOUB', 'ayoub.erreguyby@uit.ac.ma', 158),
(17006312, 'EL HAIDOURI', 'HAJAR', 'hajar.elhaidouri@uit.ac.ma', 159),
(17006314, 'EL JAAOUANI', 'ZAHRA', 'zahra.eljaaouani@uit.ac.ma', 160),
(17006335, 'EL GHALI', 'RANIA', 'rania.elghali@uit.ac.ma', 161),
(17007518, 'MOUSTADIF', 'JAWAD', 'jawad.moustadif@uit.ac.ma', 162),
(17007567, 'BOUTRIG', 'OUMNIA', 'oumnia.boutrig@uit.ac.ma', 163),
(17007573, 'KHANFARA', 'HAMZA', 'hamza.khanfara@uit.ac.ma', 164),
(17007576, 'NOUFEL', 'ASSMAA', 'assmaa.noufel@uit.ac.ma', 165),
(17007577, 'ABOULHASSANE', 'NIAMA', 'niama.aboulhassane@uit.ac.ma', 166),
(17007587, 'MOUTAOUAKIL ALAOUI', 'LAMYA', 'lamya.moutaouakilalaoui@uit.ac.ma', 167),
(17007589, 'IMANE', 'KHALIL', 'asaisir.imanekhalil@uit.ac.ma', 168),
(17006241, 'KATTAT', 'NIDAE', 'nidae.kattat@uit.ac.ma', 169),
(17006269, 'LEGHZAOUI', 'OUISSAL', 'ouissal.leghzaoui@uit.ac.ma', 170),
(17006687, 'TAYMOULI', 'ICHRAQ', 'ichraq.taymouli@uit.ac.ma', 171),
(17006694, 'TADGHOUTI', 'NOUHAILA', 'nouhaila.tadghouti@uit.ac.ma', 172),
(17006697, 'TALAMBOUTI', 'CHADIA', 'chadia.talambouti@uit.ac.ma', 173),
(17006702, 'ZAKKANE', 'AMAL', 'amal.zakkane@uit.ac.ma', 174),
(17006732, 'RADI', 'HAJAR', 'hajar.radi@uit.ac.ma', 175),
(17007515, 'EL HASSAK', 'IMAD', 'imad.elhassak@uit.ac.ma', 176),
(17007516, 'EL OMARI', 'OMAR', 'omar.elomari1@uit.ac.ma', 177),
(17007517, 'KERRICH', 'MOHAMED AMINE', 'mohamedamine.kerrich@uit.ac.ma', 178),
(17007536, 'JEBARI', 'MOHAMED REDA', 'mohamedreda.jebari@uit.ac.ma', 179),
(17007540, 'BAKHIL', 'ABDELAZIZ', 'abdelaziz.bakhil@uit.ac.ma', 180),
(17007000, 'LOUTFI', 'MARIAM', 'mariam.loutfi@uit.ac.ma', 181),
(17007004, 'OUBELKACEM', 'MANAL', 'manal.oubelkacem@uit.ac.ma', 182),
(17007009, 'LAAROUSSI', 'MALAK', 'malak.laaroussi@uit.ac.ma', 183),
(17007017, 'IFKIRNE', 'KENZA', 'kenza.ifkirne@uit.ac.ma', 184),
(17007039, 'MUATICHE MUATETEMA', 'FABIAN', 'fabian.muatichemuatetema@uit.ac.ma', 185),
(17006251, 'DAHBI', 'KHAOULA', 'khaoula.dahbi@uit.ac.ma', 186),
(17007531, 'JAADOUNI', 'HATIM', 'hatim.jaadouni@uit.ac.ma', 187),
(17007548, 'ZAOUI', 'MANAL', 'manal.zaoui@uit.ac.ma', 188),
(17007558, 'LAGRIOUI', 'AMINE', 'amine.lagrioui@uit.ac.ma', 189),
(17006808, 'AKARCHAD', 'MERYEM', 'meryem.akarchad@uit.ac.ma', 190),
(17006833, 'SAHLI', 'OMAYMA', 'omayma.sahli@uit.ac.ma', 191),
(17006848, 'MOULAHID', 'KAWTAR', 'kawtar.moulahid@uit.ac.ma', 192),
(17006852, 'FRIKICH', 'RANIA', 'rania.frikich@uit.ac.ma', 193),
(17006870, 'TERFAS', 'CHAIMAE', 'chaimae.terfas@uit.ac.ma', 194),
(17006560, 'FAHMANI', 'KENZA', 'kenza.fahmani@uit.ac.ma', 195),
(17007038, 'EN NOMANY', 'ASMA', 'asma.ennomany@uit.ac.ma', 196),
(17007259, 'ZRHITI', 'RANIA', 'rania.zrhiti@uit.ac.ma', 197),
(17006800, 'JALAL', 'ACHRAF', 'achraf.jalal@uit.ac.ma', 198),
(17006807, 'DIYANE', 'SOUHAIB', 'souhaib.diyane@uit.ac.ma', 199),
(17006812, 'TBAIK', 'AIMANE', 'aimane.tbaik@uit.ac.ma', 200),
(17006835, 'SALIMI', 'MOUAD', 'mouad.salimi@uit.ac.ma', 201),
(17006851, 'KISSI', 'ILIAS', 'ilias.kissi@uit.ac.ma', 202),
(17006462, 'MCHOUEF', 'IMANE', 'imane.mchouef@uit.ac.ma', 203),
(17006481, 'SAFI', 'OUMAIMA', 'oumaima.safi@uit.ac.ma', 204),
(17006533, 'SAFRAOUI', 'CHAIMAE', 'chaimae.safraoui@uit.ac.ma', 205),
(17006545, 'SDIKI', 'HAFSSA', 'hafssa.sdiki@uit.ac.ma', 206),
(17006550, 'SABER', 'OUMAIMA', 'oumaima.saber@uit.ac.ma', 207),
(17006635, 'SANDOUD', 'YOUSSRA', 'youssra.sandoud@uit.ac.ma', 208),
(17006654, 'HADIRI', 'SALOUA', 'saloua.hadiri@uit.ac.ma', 209),
(17006864, 'RAMI', 'BADR', 'badr.rami@uit.ac.ma', 210),
(17007214, 'EL HAMOUMI', 'OUMAIMA', 'oumaima.elhamoumi@uit.ac.ma', 211),
(17006288, 'LAZAAR', 'LOUBNA', 'loubna.lazaar@uit.ac.ma', 212),
(17006319, 'LAARABI', 'HOURIA', 'houria.laarabi@uit.ac.ma', 213),
(17006336, 'MIMISS', 'SALMA', 'salma.mimiss@uit.ac.ma', 214),
(17006372, 'MOUHCINE', 'CHAIMAA', 'chaimaa.mouhcine@uit.ac.ma', 215),
(17006391, 'MRABET', 'SALMA', 'salma.mrabet@uit.ac.ma', 216),
(17007040, 'EBENA', 'MOHAMED MAHMOUD', 'mohamedmahmoud.ebena@uit.ac.ma', 217),
(17007509, 'RAHMANI', 'SAID', 'said.rahmani@uit.ac.ma', 218),
(17007512, 'ENNASRI', 'MOUAD', 'mouad.ennasri@uit.ac.ma', 219),
(17007513, 'EL ABBASSI', 'ZAKARIA', 'zakaria.elabbassi@uit.ac.ma', 220),
(17007519, 'ENNAFIRI', 'MOHAMED', 'mohamed.ennafiri@uit.ac.ma', 221),
(17007521, 'QARA', 'MARIEM', 'mariem.qara@uit.ac.ma', 222),
(17007522, 'DOUCHE', 'FATIMA', 'fatima.douche@uit.ac.ma', 223),
(17007523, 'LAMSSAGGAD', 'AYYOUB', 'ayyoub.lamssaggad@uit.ac.ma', 224),
(17007525, 'KBOUCH', 'MOHAMED', 'mohamed.kbouch@uit.ac.ma', 225),
(17007527, 'RADAH', 'TAREK', 'asaisir.radahtarek@uit.ac.ma', 226),
(17006889, 'OUARGUIG', 'MOHAMMED', 'mohammed.ouarguig@uit.ac.ma', 227),
(17006895, 'LAKEHAYLI', 'HAMZA', 'hamza.lakehayli@uit.ac.ma', 228),
(17006903, 'RHAZI', 'YASSINE', 'yassine.rhazi1@uit.ac.ma', 229),
(17006918, 'LAHDAD', 'HAMZA', 'hamza.lahdad@uit.ac.ma', 230),
(17006940, 'MOUSTAHIB', 'OMAR', 'omar.moustahib@uit.ac.ma', 231),
(17006953, 'R GUIBI', 'CHAIMAA', 'chaimaa.rguibi@uit.ac.ma', 232),
(17006962, 'ADLAOUI', 'JIHANE', 'jihane.adlaoui@uit.ac.ma', 233),
(17006967, 'HARRADI', 'NAJLAE', 'najlae.harradi@uit.ac.ma', 234),
(17006975, 'EL KHALFOUNI', 'YOUSRA', 'yousra.elkhalfouni@uit.ac.ma', 235),
(17006980, 'MOSSALLI', 'WIAM', 'wiam.mossalli@uit.ac.ma', 236),
(17006990, 'MABROUK', 'MOHAMED SADIK', 'mohamedsadik.mabrouk@uit.ac.ma', 237),
(17007007, 'BOUDAD', 'LATIFA', 'latifa.boudad@uit.ac.ma', 238),
(17007012, 'AIT OMAR', 'OUMAIMA', 'oumaima.aitomar@uit.ac.ma', 239),
(17007018, 'KOURDOU', 'CHAIMAE', 'chaimae.kourdou@uit.ac.ma', 240),
(17007024, 'RAMI', 'MERYEM', 'meryem.rami@uit.ac.ma', 241),
(17007030, 'NOUMA', 'IBTISSAM', 'ibtissam.nouma@uit.ac.ma', 242),
(17006974, 'OULD HADJ ABDELKADER', 'HIBA', 'hiba.ouldhadjabdelkader@uit.ac.ma', 243),
(17006979, 'DJELLAL', 'HAJAR', 'hajar.djellal@uit.ac.ma', 244),
(17006986, 'ELAJAJE', 'MALAK', 'malak.elajaje@uit.ac.ma', 245),
(17007455, 'MELIANI', 'BOUCHRA', 'bouchra.meliani@uit.ac.ma', 246),
(17007472, 'ROUGAII', 'FATIMA', 'fatima.rougaii@uit.ac.ma', 247),
(17007481, 'ENNAJI', 'SABRINE', 'sabrine.ennaji@uit.ac.ma', 248),
(17007505, 'HAIBA', 'SOMAYA', 'somaya.haiba@uit.ac.ma', 249),
(17007510, 'BOULBAROUD', 'AYOUB', 'ayoub.boulbaroud@uit.ac.ma', 250),
(17007511, 'OUARDI', 'ABDELLAH', 'abdellah.ouardi@uit.ac.ma', 251),
(17007514, 'AREZQI', 'AYOUB', 'ayoub.arezqi@uit.ac.ma', 252),
(17007537, 'SABRI', 'ILHAME', 'ilhame.sabri@uit.ac.ma', 253),
(17007555, 'BOURICHI', 'AKRAM', 'akram.bourichi@uit.ac.ma', 254),
(17007454, 'OUGHANNOU', 'ZAHRA', 'zahra.oughannou@uit.ac.ma', 255),
(17007457, 'RAYYAM', 'MANAL', 'manal.rayyam@uit.ac.ma', 256),
(17007460, 'KHADJI', 'INASS', 'inass.khadji@uit.ac.ma', 257),
(17007459, 'TIBARI', 'SIHAM', 'siham.tibari@uit.ac.ma', 258),
(17007461, 'EL MAJDOUB', 'IBTIHAL', 'ibtihal.elmajdoub@uit.ac.ma', 259),
(17007463, 'SGHIRI', 'MERYEM', 'meryem.sghiri@uit.ac.ma', 260),
(17007489, 'BADAGUE', 'MOUNIR', 'mounir.badague@uit.ac.ma', 261),
(17007493, 'SEFRIOUI', 'IHSSANE', 'ihssane.sefrioui@uit.ac.ma', 262),
(17007501, 'MOUAAD', 'OUMNIA', 'oumnia.mouaad@uit.ac.ma', 263),
(17007507, 'MOUNIRI', 'FOUAD', 'fouad.mouniri@uit.ac.ma', 264),
(17007828, 'EL HOUSNI', 'YOUNESS', 'youness.elhousni@uit.ac.ma', 265),
(17007829, 'BOUZAFOUR', 'MOUNIR', 'mounir.bouzafour@uit.ac.ma', 266),
(17007831, 'EL MOUHTARIM', 'AYMANE', 'aymane.elmouhtarim@uit.ac.ma', 267),
(17007832, 'BENALLOU', 'ZAKARIA', 'zakaria.benallou@uit.ac.ma', 268),
(17007833, 'KOUIDER', 'MOHAMMED', 'mohammed.kouider@uit.ac.ma', 269),
(17007834, 'BENTALEB', 'ADIL', 'adil.bentaleb@uit.ac.ma', 270),
(17007835, 'AZAOU', 'ABDELLAH', 'abdellah.azaou@uit.ac.ma', 271),
(17007836, 'NAIMY', 'CHAIMAA', 'chaimaa.naimy@uit.ac.ma', 272),
(17007838, 'BITITI', 'IMANE', 'imane.bititi@uit.ac.ma', 273),
(17007840, 'AKSAIM', 'OUSSAMA', 'oussama.aksaim@uit.ac.ma', 274),
(17007841, 'KICHU', 'ANAS', 'anas.kichu@uit.ac.ma', 275),
(17007843, 'HOUMIMID', 'IKRAME', 'ikrame.houmimid@uit.ac.ma', 276),
(17007844, 'BELALI', 'CHAIMAE', 'chaimae.belali@uit.ac.ma', 277),
(17007602, 'LOUALI', 'MEHDI', 'mehdi.louali@uit.ac.ma', 278),
(17007618, 'BOULAARAB', 'SAFAE', 'safae.boulaarab@uit.ac.ma', 279),
(17007641, 'MHARZI', 'MOHAMED', 'mohamed.mharzi1@uit.ac.ma', 280),
(17007642, 'BOUDHER', 'EL MEHDI', 'elmehdi.boudher@uit.ac.ma', 281),
(17007644, 'BOUYARMANE', 'FATIMA ZAHRA', 'fatimazahra.bouyarmane@uit.ac.ma', 282),
(17007611, 'ETTAYEBI', 'RIM', 'rim.ettayebi@uit.ac.ma', 283),
(17007837, 'OUBRAHIM', 'ZINEB', 'zineb.oubrahim1@uit.ac.ma', 284),
(17008451, 'ELONACHE', 'MOHAMED', 'ELONACHE.MOHAMED@uit.ac.ma', 285),
(17008053, 'AMMOR', 'AIDA', 'aida.ammor@uit.ac.ma', 286),
(17008062, 'ZOUHIR', 'LAMYAE', 'lamyae.zouhir@uit.ac.ma', 287),
(17008374, 'BARAKAT', 'ZINEB NOHAILA', 'zinebnohaila.barakat@uit.ac.ma', 288),
(17007628, 'TARCHI', 'ABDELMAJID', 'abdelmajid.tarchi@uit.ac.ma', 289),
(17007629, 'AGUERD', 'MAROUANE', 'marouane.aguerd@uit.ac.ma', 290),
(17007630, 'RHAYOUR', 'SALAH EDDINE', 'salaheddine.rhayour@uit.ac.ma', 291),
(17007631, 'HANDAOUI', 'RACHID', 'rachid.handaoui@uit.ac.ma', 292),
(17008229, 'AABOUCHE', 'ABDELLAH', 'abdellah.aabouche@uit.ac.ma', 293),
(17007636, 'EL BAKKOURI', 'MANAL', 'manal.elbakkouri@uit.ac.ma', 294),
(17007637, 'EL BISSOURI', 'ZAKARIA', 'zakaria.elbissouri@uit.ac.ma', 295),
(17007639, 'EL MESBAHI', 'AYA', 'aya.elmesbahi@uit.ac.ma', 296),
(17007640, 'AL HAMOUTI', 'ABDELMALIK', 'abdelmalik.alhamouti@uit.ac.ma', 297),
(17008236, 'ELHABCHI', 'IMANE', 'imane.elhabchi@uit.ac.ma', 298),
(17007675, 'AMRANI HANCHI', 'KHAOULA', 'khaoula.amranihanchi@uit.ac.ma', 299),
(17007678, 'RHBECH', 'AMINE', 'amine.rhbech@uit.ac.ma', 300),
(17007708, 'LAALEJ', 'AHMED', 'ahmed.laalej@uit.ac.ma', 301),
(17008433, 'MSSROURI', 'ELMEHDI', 'elmehdi.mssrouri@uit.ac.ma', 302),
(17009025, 'FELJA', 'ABOUBAKR', 'aboubakr.felja@uit.ac.ma', 303),
(17009134, 'HABHAB', 'CHAIMA', 'chaima.habhab@uit.ac.ma', 304),
(17009291, 'SEMLALI', 'NAOUFAL', 'naoufal.semlali@uit.ac.ma', 305),
(17008733, 'TAJMOUT', 'MOHAMED AYOUB', 'mohamedayoub.tajmout@uit.ac.ma', 306),
(17008931, 'KAMA', 'MAME DIARRA', 'KAMA.MAMEDIARRA@uit.ac.ma', 307),
(15000335, 'IMRANI', 'ASSMAE', 'assmae.imrani@uit.ac.ma', 308),
(15002513, 'TABJI', 'FAISSAL', 'faissal.tabji@uit.ac.ma', 309),
(15010709, 'JIRARI', 'MEHDI', 'mehdi.jirari@uit.ac.ma', 310),
(15011338, 'BOUGRINE', 'HAMZA', 'hamza.bougrine@uit.ac.ma', 311),
(15011635, 'ASSARRAN', 'SAAD', 'saad.assarran@uit.ac.ma', 312),
(17008662, 'OULAD HAMMADI', 'ABDERRAHMANE', 'abderrahmane.ouladhammadi@uit.ac.ma', 313),
(17008663, 'BOUTAHRI', 'FATIMA ZAHRA', 'fatimazahra.boutahri@uit.ac.ma', 314),
(17008695, 'EBOU EL HASSANI', 'AHMED MAHMOUD', 'ahmedmahmoud.ebouelhassani@uit.ac.ma', 315),
(17008900, 'BENGHANEM', 'SAAD', 'saad.benghanem@uit.ac.ma', 316),
(17008930, 'ABDOULAYE SADIO', 'BARRY', 'barry.abdoulayesadio@uit.ac.ma', 317),
(17009573, 'AKOUETEVI', 'ADJO SOPHIE', 'adjosophie.akouetevi@uit.ac.ma', 318),
(17009577, 'ABOU', 'MAWUFEMO JOSUE', 'mawufemo.abou@uit.ac.ma', 319),
(17009769, 'EL HASSAN', 'BEN AHMID', 'benahmid.elhassan@uit.ac.ma', 320),
(17009950, 'YOVOGAN', 'JOSUE MAWUTO', 'josuemawuto.yovogan@uit.ac.ma', 321),
(17012664, 'AKHNOUS', 'IMAD', 'imad.akhnous@uit.ac.ma', 322),
(17012669, 'LOUTFI', 'IBTISSAM', 'ibtissam.loutfi@uit.ac.ma', 323),
(18006275, 'ALLAOUI', 'MOHAMED', 'mohamed.allaoui2@uit.ac.ma', 324),
(18007001, 'TAOURI', 'HAMZA', 'hamza.taouri@uit.ac.ma', 325),
(18007080, 'LAMAIZI', 'NADA', 'nada.lamaizi@uit.ac.ma', 326),
(18006347, 'BOUYEGHSSANE', 'AYMANE', 'aymane.bouyeghssane@uit.ac.ma', 327),
(18007098, 'MESSAOUDI', 'SALMA', 'salma.messaoudi@uit.ac.ma', 328),
(18006414, 'EL HADIOUI', 'AYOUB', 'ayoub.elhadioui@uit.ac.ma', 329),
(18006484, 'FALLAHI', 'OUSSAMA', 'oussama.fallahi@uit.ac.ma', 330),
(18006624, 'FANNOUCH', 'AYMEN', 'aymen.fannouch@uit.ac.ma', 331),
(18006853, 'MARDI', 'ANAS', 'anas.mardi@uit.ac.ma', 332),
(18009440, 'YOUABD', 'KHADIJA', 'khadija.youabd@uit.ac.ma', 333),
(18007932, 'SBABOU', 'DOUNIYA', 'douniya.sbabou@uit.ac.ma', 334),
(18009427, 'EL ARQUAM', 'EL MOATAMID', 'elmoatamid.elarquam@uit.ac.ma', 335),
(18009428, 'CHAKHKHAR', 'ABDELMOULA', 'abdelmoula.chakhkhar@uit.ac.ma', 336),
(18007996, 'ABOUZBIBA', 'WAFAE', 'wafae.abouzbiba@uit.ac.ma', 337),
(18007916, 'STITOU', 'NARJIS', 'narjis.stitou@uit.ac.ma', 338),
(18009446, 'ROUHI', 'ZINEB', 'zineb.rouhi@uit.ac.ma', 339),
(18009447, 'SBA-A EL  ALAOUI', 'MOUNA', 'mouna.sbaaelalaoui@uit.ac.ma', 340),
(18009201, 'ABOULHASSAN', 'YASSINE', 'yassine.aboulhassan@uit.ac.ma', 341),
(18000083, 'OUAAQIL', 'YOUSSEF', 'youssef.ouaaqil@uit.ac.ma', 342),
(18009497, 'AZIZ', 'OUSSAMA', 'oussama.aziz@uit.ac.ma', 343),
(18009259, 'ZOUHAIR', 'NOHAILA', 'nohaila.zouhair@uit.ac.ma', 344),
(18006875, 'RIZK', 'MOUAD', 'mouad.rizk@uit.ac.ma', 345),
(18006974, 'SAHRAOUI DOUKKALI', 'YASSINE', 'yassine.sahraouidoukkali@uit.ac.ma', 346),
(18006268, 'AZDA', 'MOHAMED', 'mohamed.azda@uit.ac.ma', 347),
(18006333, 'BOUHAJJA', 'KHALID', 'khalid.bouhajja@uit.ac.ma', 348),
(18006452, 'EL HASSNAOUI', 'AOUS', 'aous.elhassnaoui@uit.ac.ma', 349),
(18007290, 'GHARIOUI', 'WISSAL', 'wissal.gharioui@uit.ac.ma', 350),
(18007304, 'HAYTOM', 'IKRAME', 'ikrame.haytom@uit.ac.ma', 351),
(17007578, 'ES-SADIQI', 'HAJAR', 'hajar.essadiqi@uit.ac.ma', 352),
(17006899, 'KECHOURI', 'HIND', 'hind.kechouri@uit.ac.ma', 353),
(12000070, 'AKIF', 'OUSSAMA', 'oussama.akif@uit.ac.ma', 354),
(12003977, 'BRAHMI', 'MOHAMED AMINE', 'mohamedamine.brahmi@uit.ac.ma', 355),
(13003438, 'FAHAM', 'MANAL', 'manal.faham@uit.ac.ma', 356),
(13002960, 'KARIMI', 'BADREDDINE', 'badreddine.karimi@uit.ac.ma', 357),
(13002977, 'EZZAHI', 'YOUSSEF', 'youssef.ezzahi@uit.ac.ma', 358),
(13007912, 'EL IDRISSI', 'TAOUFIQ', 'taoufiq.elidrissi@uit.ac.ma', 359),
(13007111, 'AKSBI', 'OUSSAMA', 'oussama.aksbi@uit.ac.ma', 360),
(13008940, 'TOUSSAINT', 'PAUL EXER', 'paulexer.toussaint@uit.ac.ma', 361),
(14000198, 'BOUSFIHA', 'TAREK', 'tarek.bousfiha@uit.ac.ma', 362),
(14000029, 'ET-TAZITI', 'OUALID', 'oualid.ettaziti@uit.ac.ma', 363),
(14000054, 'BAHOUMI', 'BASMA', 'basma.bahoumi@uit.ac.ma', 364),
(14000059, 'DRIBI', 'ZAKARIA', 'zakaria.dribi@uit.ac.ma', 365),
(14000083, 'EL BASRI', 'YASSINE', 'yassine.elbasri@uit.ac.ma', 366),
(14000122, 'TAYEBI', 'LINA', 'lina.tayebi@uit.ac.ma', 367),
(14004360, 'ZAIDI', 'KHAWLA', 'khawla.zaidi@uit.ac.ma', 368),
(14003944, 'HANAFI', 'INSAF', 'insaf.hanafi@uit.ac.ma', 369),
(14004104, 'HAMZA', 'CHAYMAA', 'chaymaa.hamza@uit.ac.ma', 370),
(14003627, 'FOUKHAR', 'JIHANE', 'jihane.foukhar@uit.ac.ma', 371),
(15000018, 'YADRI', 'SAMAH', 'samah.yadri@uit.ac.ma', 372),
(15000036, 'HLOU', 'OUIJDANE', 'ouijdane.hlou@uit.ac.ma', 373),
(15000046, 'SAFI', 'BADREDDINE', 'badreddine.safi1@uit.ac.ma', 374),
(15000064, 'EZZITOUNI', 'MARYEM', 'maryem.ezzitouni@uit.ac.ma', 375),
(15000065, 'EL-HARSAL', 'MOHAMED ALI', 'mohamedali.elharsal@uit.ac.ma', 376),
(15000085, 'BEMZAGH', 'SOUKAINA', 'soukaina.bemzagh@uit.ac.ma', 377),
(15000134, 'NEJJAR', 'KAOUTAR', 'kaoutar.nejjar@uit.ac.ma', 378),
(15000010, 'JAMLY', 'YOUSSEF', 'youssef.jamly@uit.ac.ma', 379),
(15004104, 'CHICHI', 'IMANE', 'imane.chichi@uit.ac.ma', 380),
(15004828, 'BOUMLIK', 'SANAE', 'sanae.boumlik@uit.ac.ma', 381),
(15004704, 'BOUSHABA', 'MOUAD', 'mouad.boushaba@uit.ac.ma', 382),
(15004298, 'BAKKACHE', 'ACHRAF', 'achraf.bakkache@uit.ac.ma', 383),
(15004869, 'IAAGOUBI', 'YOUSSEF', 'youssef.iaagoubi@uit.ac.ma', 384),
(15003893, 'CHERKAOUI TERMASTI', 'MANAL', 'manal.cherkaouitermasti@uit.ac.ma', 385),
(15005118, 'BOUMEDIANE', 'MANAL', 'manal.boumediane@uit.ac.ma', 386),
(15005969, 'EL KHETTABI', 'BADR-EDDINE', 'badreddine.elkhettabi@uit.ac.ma', 387),
(15008396, 'TAOUFIK', 'MOHAMMED', 'mohammed.taoufik1@uit.ac.ma', 388),
(15008907, 'JDI', 'ALI', 'ali.jdi@uit.ac.ma', 389),
(16000109, 'AKIL', 'OMAR', 'omar.akil@uit.ac.ma', 390),
(16000278, 'ADDAOUI', 'WASSIM', 'wassim.addaoui@uit.ac.ma', 391),
(16000299, 'BOUMAZZOUGH', 'RANIA', 'rania.boumazzough@uit.ac.ma', 392),
(16000300, 'EL MOUSSAID', 'SALMA', 'salma.elmoussaid@uit.ac.ma', 393),
(16000076, 'LAKLAOUI', 'KAOUTAR', 'kaoutar.laklaoui@uit.ac.ma', 394),
(16000191, 'LBRAI', 'SALAH EDDINE', 'salaheddine.lbrai@uit.ac.ma', 395),
(16000019, 'ARHALAI', 'FAHD', 'fahd.arhalai@uit.ac.ma', 396),
(16000233, 'EL HALOUI', 'IKRAM', 'ikram.elhaloui@uit.ac.ma', 397),
(16000277, 'EL FAKIR', 'HAJAR', 'hajar.elfakir@uit.ac.ma', 398),
(16000032, 'BENKADDOUR', 'CHAIMA', 'chaima.benkaddour@uit.ac.ma', 399),
(16000065, 'ZAKARIA', 'YOUSRA', 'yousra.zakaria@uit.ac.ma', 400),
(16004008, 'EL HOUSNI', 'MOHAMED', 'mohamed.elhousni1@uit.ac.ma', 401),
(16005041, 'KAJAI', 'SALAH EDDINE', 'salaheddine.kajai@uit.ac.ma', 402),
(16004940, 'HAMMADI', 'SARA', 'sara.hammadi@uit.ac.ma', 403),
(16004986, 'EL MANSOURI', 'MALAK', 'malak.elmansouri@uit.ac.ma', 404),
(16003986, 'SABRI', 'ELMAHDI', 'elmahdi.sabri@uit.ac.ma', 405),
(16004175, 'KASMI', 'BOUTAYNA', 'boutayna.kasmi@uit.ac.ma', 406),
(16003897, 'HANSALA', 'SALMA', 'salma.hansala@uit.ac.ma', 407),
(16005729, 'FERIANI', 'OTHMANE', 'othmane.feriani@uit.ac.ma', 408),
(16007598, 'AKRIM', 'OUISSAL', 'ouissal.akrim@uit.ac.ma', 409),
(16006638, 'KHAM', 'ACHRAF', 'achraf.kham@uit.ac.ma', 410),
(16006519, 'MINOUAL', 'NAJLAE', 'najlae.minoual@uit.ac.ma', 411),
(16006637, 'LAKHEL', 'OUMAIMA', 'oumaima.lakhel@uit.ac.ma', 412),
(16010432, 'BOUKHAR', 'ABDELILAH', 'abdelilah.boukhar@uit.ac.ma', 413),
(16009380, 'HAMMANI', 'CHAIMAE', 'chaimae.hammani1@uit.ac.ma', 414),
(16010833, 'RAHOUNI', 'KHALIL', 'khalil.rahouni1@uit.ac.ma', 415),
(11000058, 'WASMINE', 'BADR', 'badr.wasmine@uit.ac.ma', 416),
(12000293, 'RIAD', 'IMANE', 'imane.riad@uit.ac.ma', 417),
(13002565, 'ABBER', 'MONA', 'mona.abber@uit.ac.ma', 418),
(13002796, 'IMAM', 'MOUAAD', 'mouaad.imam@uit.ac.ma', 419),
(13002979, 'AL MOUBAKER', 'HAJAR', 'hajar.almoubaker@uit.ac.ma', 420),
(13002982, 'MAJIDI', 'MOHAMMED', 'mohammed.majidi@uit.ac.ma', 421),
(13003031, 'ALMOUHAK', 'KAOUTAR', 'kaoutar.almouhak@uit.ac.ma', 422),
(13003714, 'EL BOURAKKADI-SOUSSI', 'AYOUB', 'ayoub.elbourakkadisoussi@uit.ac.ma', 423),
(14000209, 'LICER', 'SAID', 'said.licer@uit.ac.ma', 424),
(14000218, 'DEKKAN', 'MAHASSINE', 'mahassine.dekkan@uit.ac.ma', 425),
(14000489, 'QABEQBA', 'MORAD', 'morad.qabeqba@uit.ac.ma', 426),
(14000020, 'OUHAMMOU', 'JIHANE', 'jihane.ouhammou@uit.ac.ma', 427),
(14000025, 'BECHNIKHA', 'JALAL', 'jalal.bechnikha@uit.ac.ma', 428),
(14000064, 'MAHROUSS', 'ABDELGHANI', 'abdelghani.mahrouss@uit.ac.ma', 429),
(14000086, 'HACHRI', 'ZAKARIAE', 'zakariae.hachri@uit.ac.ma', 430),
(14000121, 'LABJOUJI', 'SOUFIANE', 'soufiane.labjouji@uit.ac.ma', 431),
(14000128, 'JEBBARI', 'ACHRAF', 'achraf.jebbari@uit.ac.ma', 432),
(14001483, 'QANNOUF', 'SAFAA', 'safaa.qannouf@uit.ac.ma', 433),
(14003512, 'MAJIDI', 'SANAE', 'sanae.majidi@uit.ac.ma', 434),
(14004046, 'DURGUT', 'JIHANE', 'jihane.durgut@uit.ac.ma', 435),
(14009368, 'EL HADDAD', 'ASMAE', 'asmae.elhaddad@uit.ac.ma', 436),
(14009462, 'BEAJ', 'OUSAMA', 'ousama.beaj@uit.ac.ma', 437),
(15000028, 'DIRHOUSSI', 'MOHAMED', 'mohamed.dirhoussi@uit.ac.ma', 438),
(15000051, 'EL ORCH', 'MOHAMMED AMINE', 'mohammedamine.elorch@uit.ac.ma', 439),
(15000074, 'EL HARI', 'HAMZA', 'hamza.elhari@uit.ac.ma', 440),
(15000090, 'ECHCHAOUI', 'MOHAMMED', 'mohammed.echchaoui@uit.ac.ma', 441),
(15000109, 'ELOUATAOUI', 'WIDAD', 'widad.elouataoui@uit.ac.ma', 442),
(15000153, 'CHERKAOUI MALKI', 'HAMZA', 'hamza.cherkaouimalki@uit.ac.ma', 443),
(15000006, 'AIT SALAH', 'OUSSAMA', 'oussama.aitsalah@uit.ac.ma', 444),
(15004035, 'MOUFARREH', 'IMANE', 'imane.moufarreh@uit.ac.ma', 445),
(15004656, 'EL AYOUBI', 'SAFAA', 'safaa.elayoubi@uit.ac.ma', 446),
(15004737, 'TAHI', 'YACINE', 'yacine.tahi@uit.ac.ma', 447),
(15004860, 'BOUKHLOUF', 'FATIMA-ZOHRA', 'fatimazohra.boukhlouf@uit.ac.ma', 448),
(15005123, 'BAAYER', 'KARIMA', 'karima.baayer@uit.ac.ma', 449),
(15006714, 'NOURY', 'NOUHA', 'nouha.noury@uit.ac.ma', 450),
(15005345, 'ABDELLAOUI', 'SOUFIANE', 'soufiane.abdellaoui@uit.ac.ma', 451),
(15004893, 'EL MARZAK', 'AHLAM', 'ahlam.elmarzak@uit.ac.ma', 452),
(15007833, 'DIYANE', 'ISLAM', 'islam.diyane@uit.ac.ma', 453),
(15008424, 'EL GUANDAFI', 'MANAL', 'manal.elguandafi@uit.ac.ma', 454),
(15009119, 'MORJANE', 'WISAL', 'wisal.morjane@uit.ac.ma', 455),
(15009192, 'HADDOUMI', 'IKRAME', 'ikrame.haddoumi@uit.ac.ma', 456),
(15009201, 'ABDU IDRIS ALI', 'JAMAL', 'jamal.abduidrisali@uit.ac.ma', 457),
(16001615, 'DAHMOU', 'HICHAM', 'hicham.dahmou@uit.ac.ma', 458),
(16000059, 'EL HACOBI', 'MAROUANE', 'marouane.elhacobi@uit.ac.ma', 459),
(16000179, 'SGHIR', 'SOHAIB', 'sohaib.sghir@uit.ac.ma', 460),
(16000182, 'OUNSS', 'MOHAMED', 'mohamed.ounss@uit.ac.ma', 461),
(16000276, 'KADDIOUI', 'ABDELALI', 'abdelali.kaddioui@uit.ac.ma', 462),
(16000095, 'AFRIAD', 'MANAL', 'manal.afriad@uit.ac.ma', 463),
(16000253, 'KHENOUSSI', 'YASSINE', 'yassine.khenoussi@uit.ac.ma', 464),
(16000061, 'BELQAID', 'SALMA', 'salma.belqaid@uit.ac.ma', 465),
(16000083, 'ERGOUYEG', 'MOUAD', 'mouad.ergouyeg@uit.ac.ma', 466),
(16000086, 'ARZIKI', 'ISMAIL', 'ismail.arziki@uit.ac.ma', 467),
(16000213, 'IKRADINE', 'SALMA', 'salma.ikradine@uit.ac.ma', 468),
(16000030, 'DINI', 'NIZAR', 'nizar.dini@uit.ac.ma', 469),
(16000055, 'KHYATI', 'DOUNIA', 'dounia.khyati@uit.ac.ma', 470),
(16000058, 'EL GUELIOUL', 'AYOUB', 'ayoub.elguelioul@uit.ac.ma', 471),
(16005029, 'KAOUISSI', 'ASMAE', 'asmae.kaouissi@uit.ac.ma', 472),
(16005055, 'BELOUALID', 'SIHAM', 'siham.beloualid@uit.ac.ma', 473),
(16004030, 'JOUDARI', 'ALAEDDINE', 'alaeddine.joudari@uit.ac.ma', 474),
(16004078, 'EL HARCHALI', 'KHADIJA', 'khadija.elharchali@uit.ac.ma', 475),
(16004161, 'IBRIZ', 'ABDALLAH', 'abdallah.ibriz@uit.ac.ma', 476),
(16004718, 'LAMMARI', 'SAFOUANE', 'safouane.lammari@uit.ac.ma', 477),
(16005695, 'BOUMEFTAH', 'AHLAM', 'ahlam.boumeftah@uit.ac.ma', 478),
(16007597, 'AL BIKRI', 'ASSIA', 'assia.albikri@uit.ac.ma', 479),
(16006700, 'BEN LARBI DELAI', 'RHITA', 'rhita.benlarbidelai@uit.ac.ma', 480),
(16006035, 'HALIM', 'OUSSAMA', 'oussama.halim@uit.ac.ma', 481),
(16006082, 'BENABBOU', 'RAJAE', 'rajae.benabbou@uit.ac.ma', 482),
(16006555, 'HARCHAOUI', 'AKRAM', 'akram.harchaoui@uit.ac.ma', 483),
(16006521, 'RACHAD', 'KAOUTAR', 'kaoutar.rachad@uit.ac.ma', 484),
(16006604, 'AL KOSTIT', 'NOUHAILA', 'nouhaila.alkostit@uit.ac.ma', 485),
(16006571, 'KACEMI', 'BADR', 'badr.kacemi@uit.ac.ma', 486),
(16006600, 'AGNAOU', 'MERIEM', 'meriem.agnaou@uit.ac.ma', 487),
(16006634, 'RAHMOUN', 'OUSSAMA', 'oussama.rahmoun@uit.ac.ma', 488),
(16007105, 'HAJJAR', 'HAMZA', 'hamza.hajjar@uit.ac.ma', 489),
(16008131, 'TOHOURI WAKRA IRENE', 'JESSICA CAROLLE', 'jessicacarolle.tohouriwakrairene@uit.ac.ma', 490),
(16012807, 'IBNOU EL FAKIR', 'LAMYAE', 'lamyae.ibnouelfakir@uit.ac.ma', 491),
(12002392, 'BENMERIEME', 'ISMAIL', 'ismail.benmerieme@uit.ac.ma', 492),
(13004048, 'TALEBI', 'NAJOUA', 'najoua.talebi@uit.ac.ma', 493),
(14000211, 'DERFOUFI', 'MARWA', 'marwa.derfoufi@uit.ac.ma', 494),
(14000900, 'EL OTMANI', 'HOUYAM', 'houyam.elotmani@uit.ac.ma', 495),
(14000002, 'AROUADA', 'YASSIR', 'yassir.arouada@uit.ac.ma', 496),
(14000006, 'MOUNIR', 'SOUKAYNA', 'soukayna.mounir@uit.ac.ma', 497),
(14000009, 'DOUBLALI', 'KAWTAR', 'kawtar.doublali@uit.ac.ma', 498),
(14000033, 'AMMINOU', 'MAHA', 'maha.amminou@uit.ac.ma', 499),
(14000103, 'EL ALAM', 'NASSIM', 'nassim.elalam@uit.ac.ma', 500),
(14000120, 'EL HOR', 'DRISS', 'driss.elhor@uit.ac.ma', 501),
(14000133, 'MALMOUM', 'AYATARRAHMANE', 'ayatarrahmane.malmoum@uit.ac.ma', 502),
(14000139, 'HARRAKA', 'NASSIM', 'nassim.harraka@uit.ac.ma', 503),
(14000142, 'BELCADI', 'JIHANE', 'jihane.belcadi@uit.ac.ma', 504),
(14000641, 'GUESSAM', 'MARIAM', 'mariam.guessam@uit.ac.ma', 505),
(14002640, 'MAHTAT', 'YASSIN', 'yassin.mahtat@uit.ac.ma', 506),
(14006099, 'AIT EL MAATI', 'NADYA', 'nadya.aitelmaati@uit.ac.ma', 507),
(14008966, 'AIT MOH', 'EL MEHDI', 'elmehdi.aitmoh@uit.ac.ma', 508),
(15000020, 'EL AKHAL', 'IMANE', 'imane.elakhal@uit.ac.ma', 509),
(15000021, 'ELAASSALI', 'YOUSSEF', 'youssef.elaassali@uit.ac.ma', 510),
(15000041, 'EL MAHRI', 'MERYAM', 'meryam.elmahri@uit.ac.ma', 511),
(15000052, 'ROCHDI', 'MERIEM', 'meriem.rochdi@uit.ac.ma', 512),
(15000056, 'BOUJLILI', 'KHAOULA', 'khaoula.boujlili@uit.ac.ma', 513),
(15000068, 'AMNAY', 'HASNAE', 'hasnae.amnay@uit.ac.ma', 514),
(15000072, 'ZHIRI', 'MOHAMED AMINE', 'mohamedamine.zhiri@uit.ac.ma', 515),
(15000075, 'HILIA', 'IMANE', 'imane.hilia@uit.ac.ma', 516),
(15000080, 'KSIRI', 'HAJAR', 'hajar.ksiri@uit.ac.ma', 517),
(15000100, 'BOURAS', 'NOUREDDINE', 'noureddine.bouras@uit.ac.ma', 518),
(15000114, 'CHAHTI', 'WALID', 'walid.chahti@uit.ac.ma', 519),
(15000124, 'CHOUHAD', 'YASMINE', 'yasmine.chouhad@uit.ac.ma', 520),
(15000143, 'EL MANSOURI', 'MOHAMED', 'mohamed.elmansouri2@uit.ac.ma', 521),
(15000142, 'LAHEMRE', 'MOHAMMED', 'mohammed.lahemre@uit.ac.ma', 522),
(15000001, 'ELFOUDALI', 'MANAL', 'manal.elfoudali@uit.ac.ma', 523),
(15000002, 'BOUHERRAS', 'ABDELLAH', 'abdellah.bouherras@uit.ac.ma', 524),
(15000005, 'BELKASS', 'MARWANE', 'marwane.belkass@uit.ac.ma', 525),
(15000008, 'SOUKHRATI', 'ASMAE', 'asmae.soukhrati@uit.ac.ma', 526),
(15000013, 'BOUJIDA', 'AMINE', 'amine.boujida@uit.ac.ma', 527),
(15002660, 'IKKEN', 'ISMAIL', 'ismail.ikken@uit.ac.ma', 528),
(15004802, 'BEYOUD', 'ZINEB', 'zineb.beyoud@uit.ac.ma', 529),
(15004269, 'NJILI', 'SARA', 'sara.njili@uit.ac.ma', 530),
(15004743, 'CHEMAM', 'ISMAIL', 'ismail.chemam@uit.ac.ma', 531),
(15004881, 'AIT AICHTE', 'FATIMA ZAHRA', 'fatimazahra.aitaichte@uit.ac.ma', 532),
(15005684, 'KAMAL IDRISSI', 'ZAINAB', 'zainab.kamalidrissi@uit.ac.ma', 533),
(15005701, 'TOTO', 'CHADI', 'chadi.toto@uit.ac.ma', 534),
(15004902, 'DEHMOUCH', 'MOHAMED-AMINE', 'mohamedamine.dehmouch@uit.ac.ma', 535),
(15004917, 'MOUMEN', 'ANAS', 'anas.moumen@uit.ac.ma', 536),
(15004919, 'EL MATMOUR', 'KAOUTAR', 'kaoutar.elmatmour@uit.ac.ma', 537),
(15004918, 'NASRI', 'OUMAIMA', 'oumaima.nasri@uit.ac.ma', 538),
(15007036, 'EJRHOM', 'MARYEM', 'maryem.ejrhom@uit.ac.ma', 539),
(15007708, 'LAARIF', 'IKRAME', 'ikrame.laarif@uit.ac.ma', 540),
(15008890, 'BAKO ARIFARI', 'BOUCHRA', 'bouchra.bakoarifari@uit.ac.ma', 541),
(15007869, 'JLIDA', 'YOUNESS', 'youness.jlida@uit.ac.ma', 542),
(15009291, 'NDOUR', 'MARIE EMMA', 'marieemma.ndour@uit.ac.ma', 543),
(15008902, 'NAMOU', 'SIDI SALEKH', 'sidisalekh.namou@uit.ac.ma', 544),
(16007410, 'MOHAMED BELLO', 'ABDOULATIF SIDIKI', 'abdoulatifsidiki.mohamedbello@uit.ac.ma', 545),
(16006556, 'IRCHACHEN', 'IMANE', 'imane.irchachen@uit.ac.ma', 546),
(16006728, 'NGUEUO SOLEFACK', 'ELVIRA', 'elvira.ngueuosolefack@uit.ac.ma', 547),
(17000468, 'NHIRI', 'SALMA', 'salma.nhiri@uit.ac.ma', 548),
(17000543, 'LAKTAIBI', 'ANASS', 'anass.laktaibi@uit.ac.ma', 549),
(17000549, 'GOUMIDI', 'ABDERRAZZAK', 'abderrazzak.goumidi@uit.ac.ma', 550),
(17000711, 'GLIOULA', 'HIND', 'hind.glioula@uit.ac.ma', 551),
(17003110, 'FAIZ', 'HAJAR', 'hajar.faiz@uit.ac.ma', 552),
(17004061, 'SRAISAH', 'OUMAIMA', 'oumaima.sraisah@uit.ac.ma', 553),
(17003784, 'KERDOUD', 'MOUAD', 'mouad.kerdoud@uit.ac.ma', 554),
(17003882, 'AOUINE', 'MERIEM', 'meriem.aouine@uit.ac.ma', 555),
(17004178, 'AZZOUZI', 'ABDELLAH', 'abdellah.azzouzi@uit.ac.ma', 556),
(17004163, 'LAAZOUZI', 'AHMED', 'ahmed.laazouzi@uit.ac.ma', 557),
(17005983, 'HASSANI', 'ISSAM-EDDINE', 'issameddine.hassani@uit.ac.ma', 558),
(17005830, 'BENSELLAM', 'HAJAR', 'hajar.bensellam@uit.ac.ma', 559),
(17005215, 'ELKHDADI', 'AHMED', 'ahmed.elkhdadi@uit.ac.ma', 560),
(17005227, 'ERRAZGOUNI', 'SAAD', 'saad.errazgouni@uit.ac.ma', 561),
(17005234, 'EL HASSAR', 'AHMED KHALIL', 'ahmedkhalil.elhassar@uit.ac.ma', 562),
(17006035, 'JRAOUI', 'NOURA', 'noura.jraoui@uit.ac.ma', 563),
(17006077, 'JAMIAI', 'IKRAM', 'ikram.jamiai@uit.ac.ma', 564),
(17005853, 'BENATTOU', 'OUMAIMA', 'oumaima.benattou@uit.ac.ma', 565),
(17005934, 'BENKADDOUR', 'ASSMA', 'assma.benkaddour@uit.ac.ma', 566),
(17005590, 'ABTAL', 'AYAT', 'ayat.abtal@uit.ac.ma', 567),
(17005591, 'ALAOUI', 'CHOUROUK', 'chourouk.alaoui@uit.ac.ma', 568),
(17005598, 'ACHIR', 'CHAIMAE', 'chaimae.achir@uit.ac.ma', 569),
(17005812, 'BENADDI', 'OUAFAA', 'ouafaa.benaddi@uit.ac.ma', 570),
(17005962, 'BENABDELLAH', 'WIAM', 'wiam.benabdellah@uit.ac.ma', 571),
(17005975, 'BEKKALI', 'KAWTAR', 'kawtar.bekkali@uit.ac.ma', 572),
(17004584, 'ATTAOUI', 'SAAD', 'saad.attaoui@uit.ac.ma', 573),
(17006119, 'IZAQAFEN', 'KHADIJA', 'khadija.izaqafen@uit.ac.ma', 574),
(17006134, 'BENTASSIL', 'ZINEB', 'zineb.bentassil@uit.ac.ma', 575),
(17004304, 'ALEM', 'AYOUB', 'ayoub.alem@uit.ac.ma', 576),
(17004387, 'EL AYYADI', 'YASSIR', 'yassir.elayyadi@uit.ac.ma', 577),
(17004925, 'LOUARRAT', 'OMAR', 'omar.louarrat@uit.ac.ma', 578),
(17004998, 'LAHMAMI', 'AYOUB', 'ayoub.lahmami@uit.ac.ma', 579),
(17005060, 'LAGHMAMI', 'TAHA', 'taha.laghmami@uit.ac.ma', 580),
(17004761, 'LAHLOU', 'BILAL', 'bilal.lahlou@uit.ac.ma', 581),
(17004314, 'BENTALEB', 'MOUSSA', 'moussa.bentaleb@uit.ac.ma', 582),
(17006149, 'GHAZI', 'NERMINE', 'nermine.ghazi@uit.ac.ma', 583),
(17006198, 'GOUZA', 'SALMA', 'salma.gouza@uit.ac.ma', 584),
(17006113, 'BAYAD', 'SAKINA', 'sakina.bayad@uit.ac.ma', 585),
(17006106, 'HAMRI', 'ANBAR', 'anbar.hamri@uit.ac.ma', 586),
(17006179, 'CHTIOUI', 'ZINEB', 'zineb.chtioui@uit.ac.ma', 587),
(17006190, 'CHAKIRI', 'HALIMA', 'halima.chakiri@uit.ac.ma', 588),
(17006221, 'KRAIA', 'ZINEB', 'zineb.kraia@uit.ac.ma', 589),
(17004329, 'KANDIL', 'YAHIA', 'yahia.kandil@uit.ac.ma', 590),
(17005721, 'BENKIRANE', 'SOUKAINA', 'soukaina.benkirane@uit.ac.ma', 591),
(17005778, 'BAKOUR', 'KAWTAR', 'kawtar.bakour@uit.ac.ma', 592),
(17005819, 'BENSAMDI', 'IMANE', 'imane.bensamdi@uit.ac.ma', 593),
(17004439, 'AMARGHICH', 'SOUFIANE', 'soufiane.amarghich@uit.ac.ma', 594),
(17004484, 'ALIOUA', 'SALIM', 'salim.alioua@uit.ac.ma', 595),
(17005256, 'EL OUARTITI', 'MOHSINE', 'mohsine.elouartiti@uit.ac.ma', 596),
(17005352, 'OULD AMMA', 'HAMZA', 'hamza.ouldamma@uit.ac.ma', 597),
(17005269, 'ELHARSI', 'HAMZA', 'hamza.elharsi@uit.ac.ma', 598),
(17005280, 'ECHAIB', 'HAMZA', 'hamza.echaib@uit.ac.ma', 599),
(17005304, 'EDDAHMANI', 'MOHAMMED', 'mohammed.eddahmani@uit.ac.ma', 600),
(17005322, 'ELMAJID', 'ALAA', 'alaa.elmajid@uit.ac.ma', 601),
(17005407, 'EL ALLOULI', 'ABDELILAH', 'abdelilah.elallouli@uit.ac.ma', 602),
(17005405, 'OUFRID', 'ADIL', 'adil.oufrid@uit.ac.ma', 603),
(17005414, 'EL FEKAK', 'ISMAIL', 'ismail.elfekak@uit.ac.ma', 604),
(17004423, 'EL GHARBI', 'DOUAA', 'douaa.elgharbi@uit.ac.ma', 605),
(17004527, 'KADIMI', 'HAMZA', 'hamza.kadimi@uit.ac.ma', 606),
(17004680, 'BENNANI', 'YASSINE', 'yassine.bennani@uit.ac.ma', 607),
(17004729, 'BERRADI', 'ZOUBIR', 'zoubir.berradi@uit.ac.ma', 608),
(17004777, 'BERRAGRAGUI', 'HASSAN', 'hassan.berragragui@uit.ac.ma', 609),
(17004819, 'BOUASRI', 'MOHAMED AMINE', 'mohamedamine.bouasri@uit.ac.ma', 610),
(17004926, 'BENNANI DOUBLI', 'MOHAMED NAZIH', 'mohamednazih.bennanidoubli@uit.ac.ma', 611),
(17004960, 'BENAYADA', 'OUSSAMA', 'oussama.benayada@uit.ac.ma', 612),
(17004987, 'CHORFI', 'MOHAMED', 'mohamed.chorfi@uit.ac.ma', 613),
(17005002, 'DOULQUAMAR', 'YASSER', 'yasser.doulquamar@uit.ac.ma', 614),
(17005061, 'EL HAOUCHI', 'OTMANE', 'otmane.elhaouchi@uit.ac.ma', 615),
(17005155, 'LAHRIZI', 'TAHA', 'taha.lahrizi@uit.ac.ma', 616),
(17005162, 'EL BADAOUI', 'OMAR', 'omar.elbadaoui@uit.ac.ma', 617),
(17005177, 'MNIOULAT', 'SOUFIANE', 'soufiane.mnioulat@uit.ac.ma', 618),
(17005189, 'EL MESLOUHI', 'SALAH EDDINE', 'salaheddine.elmeslouhi@uit.ac.ma', 619),
(17005194, 'MOUNTIJ', 'YASSER', 'yasser.mountij@uit.ac.ma', 620),
(17005201, 'MTARFI', 'MEHDI', 'mehdi.mtarfi@uit.ac.ma', 621),
(17005242, 'AZZOUZI OUADRHIRI IDRISSI', 'ZAKARIA', 'zakaria.ouadrhiriidrissiazzouzi@uit.ac.ma', 622),
(17005624, 'HMADE', 'ABDELLAH', 'abdellah.hmade@uit.ac.ma', 623),
(17005686, 'HILIA', 'ANAS', 'anas.hilia@uit.ac.ma', 624),
(17005433, 'SQUENDISSY', 'HAMZA', 'hamza.squendissy@uit.ac.ma', 625),
(17005820, 'IDRISSI', 'KHALIL', 'khalil.idrissi1@uit.ac.ma', 626),
(17004622, 'BAHJA', 'ILYAS', 'ilyas.bahja@uit.ac.ma', 627),
(17004654, 'BENKASSEM', 'ACHRAF', 'achraf.benkassem@uit.ac.ma', 628),
(17005468, 'SIDATE', 'EL MAHDI', 'elmahdi.sidate@uit.ac.ma', 629),
(17005486, 'SADIKI', 'MOHAMED', 'mohamed.sadiki1@uit.ac.ma', 630),
(17005501, 'TAOUFIK', 'MARWANE', 'marwane.taoufik@uit.ac.ma', 631),
(17005831, 'JABAR', 'YOUNESS', 'youness.jabar@uit.ac.ma', 632),
(17005847, 'JARHNI', 'AMINE', 'amine.jarhni@uit.ac.ma', 633),
(17005893, 'JEBBAR', 'ABDENNOUR', 'abdennour.jebbar@uit.ac.ma', 634),
(17005436, 'FAIK', 'ABDELKHALEK', 'abdelkhalek.faik@uit.ac.ma', 635),
(17005512, 'TAIR', 'NOUAMAN', 'nouaman.tair@uit.ac.ma', 636),
(17005519, 'TIJANI', 'MOHAMED', 'mohamed.tijani1@uit.ac.ma', 637),
(17005529, 'TABCHI', 'ISSAM', 'issam.tabchi@uit.ac.ma', 638),
(17005533, 'TAOUIL', 'WALID', 'walid.taouil@uit.ac.ma', 639),
(17005537, 'ZEAIKOR', 'YOUSSEF', 'youssef.zeaikor@uit.ac.ma', 640),
(17005548, 'ZEROUALI', 'YOUSSEF', 'youssef.zerouali@uit.ac.ma', 641),
(17007530, 'BOURBAH', 'AYOUB', 'ayoub.bourbah@uit.ac.ma', 642),
(17007532, 'TRAORE', 'ABDOULAYE B', 'abdoulayeb.traore@uit.ac.ma', 643),
(17007533, 'RACHID', 'AYOUB', 'ayoub.rachid@uit.ac.ma', 644),
(17007534, 'NEFFAR', 'SOUFIANE', 'soufiane.neffar@uit.ac.ma', 645),
(17007535, 'FETTAH', 'SOUAD', 'souad.fettah@uit.ac.ma', 646),
(17007564, 'KHANAOUCHI', 'FADWA', 'fadwa.khanaouchi@uit.ac.ma', 647),
(16009302, 'MERIAG', 'ASMAE', 'asmae.meriag@uit.ac.ma', 648),
(16008506, 'JERMOUMI', 'ASMAA', 'asmaa.jermoumi@uit.ac.ma', 649),
(16006603, 'HOURIMECHE', 'IKRAME', 'ikrame.hourimeche@uit.ac.ma', 650),
(16006577, 'LAKHAL', 'MOUAD', 'mouad.lakhal@uit.ac.ma', 651),
(16006593, 'CHOUAI', 'FATIMA EZZAHRA', 'fatimaezzahra.chouai@uit.ac.ma', 652),
(16006654, 'KAABOUCH', 'INAAM', 'inaam.kaabouch@uit.ac.ma', 653),
(16006558, 'KABOUCHI', 'KAOUTAR', 'kaoutar.kabouchi@uit.ac.ma', 654),
(15000026, 'HADER', 'HICHAM', 'hicham.hader@uit.ac.ma', 655),
(15000069, 'LYMOURI', 'MAHA', 'maha.lymouri@uit.ac.ma', 656),
(15000082, 'BENSLIMANE', 'HAMZA', 'hamza.benslimane@uit.ac.ma', 657),
(15000107, 'KABO', 'HOUDA', 'houda.kabo@uit.ac.ma', 658),
(15000025, 'BOUTHOUR', 'SAFAA', 'safaa.bouthour@uit.ac.ma', 659),
(14001865, 'TARIK', 'SALSABIL', 'salsabil.tarik@uit.ac.ma', 660),
(14003733, 'EDDOUMY', 'MONCEF', 'moncef.eddoumy@uit.ac.ma', 661),
(14004894, 'ADA', 'HICHAM', 'hicham.ada@uit.ac.ma', 662),
(14003702, 'EL AMRI', 'OUSSAMA', 'oussama.elamri@uit.ac.ma', 663),
(14005304, 'MASLOUHI', 'MARIAM', 'mariam.maslouhi@uit.ac.ma', 664),
(14009297, 'HANINI', 'FATIMA-EZAHRA', 'fatimaezahra.hanini@uit.ac.ma', 665),
(15000016, 'NAJI', 'MARIAM', 'mariam.naji@uit.ac.ma', 666),
(14001777, 'ETTAZROUTI', 'LAMIAE', 'lamiae.ettazrouti@uit.ac.ma', 667),
(14000092, 'MENDILI', 'AYOUB', 'ayoub.mendili@uit.ac.ma', 668),
(14000108, 'EL ATTAOUI', 'ANAS', 'anas.elattaoui@uit.ac.ma', 669),
(14000137, 'ZANFI', 'OUSSAMA', 'oussama.zanfi@uit.ac.ma', 670),
(16005620, 'DIARRA', 'BANGALI FODE', 'bangalifode.diarra@uit.ac.ma', 671),
(16004185, 'HRIK', 'AMINE', 'amine.hrik@uit.ac.ma', 672),
(14000100, 'OUAMMOU', 'EL MEHDI', 'elmehdi.ouammou@uit.ac.ma', 673),
(14000011, 'DAHI', 'SAFOUANE', 'safouane.dahi@uit.ac.ma', 674),
(14000042, 'ABLA', 'IKRAME', 'ikrame.abla@uit.ac.ma', 675),
(14000053, 'MOURABIT', 'AYOUB', 'ayoub.mourabit@uit.ac.ma', 676),
(14000081, 'AAMOUD', 'YOUSSRA', 'youssra.aamoud@uit.ac.ma', 677),
(14000937, 'ACHAOUI', 'HASSNA', 'hassna.achaoui@uit.ac.ma', 678),
(15004887, 'BIADI', 'HALA', 'hala.biadi@uit.ac.ma', 679),
(15004883, 'OUHILAL', 'ZINEB', 'zineb.ouhilal@uit.ac.ma', 680),
(15004741, 'EL BEKBACHI', 'SAFAE', 'safae.elbekbachi@uit.ac.ma', 681),
(15004859, 'TAHI', 'OUSSAMA', 'oussama.tahi@uit.ac.ma', 682),
(16000214, 'CHBIKI', 'HAJAR', 'hajar.chbiki@uit.ac.ma', 683),
(16000026, 'MOTASSIM', 'MOHAMMED EL MEHDI', 'mohammedelmehdi.motassim@uit.ac.ma', 684),
(16000031, 'ELHAMRA', 'MOHAMED', 'mohamed.elhamra@uit.ac.ma', 685),
(16000238, 'GUOURCH', 'OTMANE', 'otmane.guourch@uit.ac.ma', 686),
(16000090, 'IMZEL', 'MOHAMED', 'mohamed.imzel@uit.ac.ma', 687),
(16000129, 'OUIYZME', 'AMAL', 'amal.ouiyzme@uit.ac.ma', 688),
(16000072, 'HACHIMI ALAOUI', 'SALMA', 'salma.hachimialaoui@uit.ac.ma', 689),
(16006640, 'SKIBA', 'AMINA', 'amina.skiba@uit.ac.ma', 690),
(16007813, 'BOUSLAH', 'SALMA', 'salma.bouslah@uit.ac.ma', 691),
(16007846, 'FALLAH', 'CHAIMAE', 'chaimae.fallah@uit.ac.ma', 692),
(16004791, 'LARAICHI', 'SALMA', 'salma.laraichi@uit.ac.ma', 693),
(16004153, 'DAOUCHI', 'MERIEM', 'meriem.daouchi@uit.ac.ma', 694),
(16004294, 'EL MGANI', 'KHALIL', 'khalil.elmgani@uit.ac.ma', 695),
(16004080, 'ASKANDER', 'MARIEM', 'mariem.askander@uit.ac.ma', 696),
(16005088, 'EL FILALI', 'CHAIMAE', 'chaimae.elfilali@uit.ac.ma', 697),
(16000034, 'HOUDAIR', 'ABIR', 'abir.houdair@uit.ac.ma', 698),
(16000052, 'EL GHRABLI', 'OMAR', 'omar.elghrabli@uit.ac.ma', 699),
(16000028, 'LOURHZALI', 'OUSSAMA', 'oussama.lourhzali@uit.ac.ma', 700),
(16000023, 'DRISSI LAHSINI', 'MOHAMED ADNANE', 'mohamedadnane.drissilahsini@uit.ac.ma', 701),
(16000188, 'ANNANE', 'AYA', 'aya.annane@uit.ac.ma', 702),
(16000042, 'EL BOUKHARI', 'NISRINE', 'nisrine.elboukhari@uit.ac.ma', 703),
(15005380, 'MOUSSAIF', 'ZOUHAIR', 'zouhair.moussaif@uit.ac.ma', 704),
(15004888, 'SOUKAR', 'OUMAIMA', 'oumaima.soukar@uit.ac.ma', 705),
(15004740, 'EL MRABET', 'LAMYAE', 'lamyae.elmrabet@uit.ac.ma', 706),
(16005977, 'EL-KDIOUI', 'HOUDA', 'houda.elkdioui@uit.ac.ma', 707),
(16001455, 'EL KABLI', 'ANASS', 'anass.elkabli@uit.ac.ma', 708),
(15010573, 'HAJJANI', 'MEHDI', 'mehdi.hajjani@uit.ac.ma', 709),
(15008911, 'NAJI', 'ZINEB', 'zineb.naji@uit.ac.ma', 710),
(15004692, 'ESSAFI', 'AZIZA', 'aziza.essafi@uit.ac.ma', 711),
(15004675, 'KEMMOU', 'HAMZA', 'hamza.kemmou@uit.ac.ma', 712),
(15000007, 'KARIMI', 'BADR EDDINE', 'badreddine.karimi1@uit.ac.ma', 713),
(15004081, 'HADDOUN', 'MEHDI', 'mehdi.haddoun@uit.ac.ma', 714),
(15008897, 'L\'ANNAZ', 'NOUHAILA', 'nouhaila.lannaz@uit.ac.ma', 715),
(15008891, 'HAMED', 'AHMED MOHAMED', 'ahmedmohamed.hamed@uit.ac.ma', 716),
(13008258, 'MEJNOUB', 'MAROUANE', 'marouane.mejnoub@uit.ac.ma', 717),
(13002725, 'MESBAHI', 'ILIASS', 'iliass.mesbahi@uit.ac.ma', 718),
(13002664, 'EL KHADAR', 'MOUHCINE', 'mouhcine.elkhadar@uit.ac.ma', 719),
(13003063, 'GAROUJ', 'SAFAA', 'safaa.garouj@uit.ac.ma', 720),
(16004678, 'BENMAMOUNE', 'ABDESSAMAD', 'abdessamad.benmamoune@uit.ac.ma', 721),
(16003887, 'EL ATI', 'KAOUTAR', 'kaoutar.elati@uit.ac.ma', 722),
(16004242, 'IDOUFAQIR', 'ASSIA', 'assia.idoufaqir@uit.ac.ma', 723),
(16000035, 'EL HROUR', 'BOUTHAYNA', 'bouthayna.elhrour@uit.ac.ma', 724),
(16000091, 'QNIWEN', 'MOHAMED KAMAL', 'mohamedkamal.qniwen@uit.ac.ma', 725),
(16000054, 'MESKINI', 'HAMZA', 'hamza.meskini@uit.ac.ma', 726),
(16000009, 'FTAICH', 'YOUNES', 'younes.ftaich@uit.ac.ma', 727),
(16000079, 'MERJAKTANE', 'SALIM', 'salim.merjaktane@uit.ac.ma', 728),
(15004916, 'RHRIZ', 'NADA', 'nada.rhriz@uit.ac.ma', 729),
(15004920, 'MONADIL', 'YASMINE', 'yasmine.monadil@uit.ac.ma', 730),
(16000149, 'MRASSLI', 'AHMED', 'ahmed.mrassli@uit.ac.ma', 731),
(16000275, 'EL HALOUI', 'LAILA', 'laila.elhaloui@uit.ac.ma', 732),
(16000037, 'LAFQUIH-TITOUANI', 'ALLIAE', 'alliae.lafquihtitouani@uit.ac.ma', 733),
(16000234, 'ELHADIOUIA', 'LEILA', 'leila.elhadiouia@uit.ac.ma', 734),
(16000087, 'BELLARABI', 'IBTIHAL', 'ibtihal.bellarabi@uit.ac.ma', 735),
(14000303, 'MOUTITE', 'ILYASS', 'ilyass.moutite@uit.ac.ma', 736),
(14000217, 'TELTI', 'HIND', 'hind.telti@uit.ac.ma', 737),
(13002993, 'HADAJ', 'MOHAMED', 'mohamed.hadaj@uit.ac.ma', 738),
(13003837, 'MOUSSA', 'AYOUB', 'ayoub.moussa@uit.ac.ma', 739),
(16012167, 'AOUZAI', 'YOUNES', 'younes.aouzal@uit.ac.ma', 740),
(13002787, 'BELAMRAOUAH', 'KHADIJA', 'khadija.belamraouah@uit.ac.ma', 741),
(13002801, 'KOURRICHE', 'ILYASSE', 'ilyasse.kourriche@uit.ac.ma', 742),
(14000123, 'DERKAOUI', 'ABDERRAHMAN', 'abderrahman.derkaoui@uit.ac.ma', 743),
(16003918, 'EL-MAALEM', 'ABDENNACER', 'abdennacer.elmaalem@uit.ac.ma', 744),
(16004848, 'OUAKOUR', 'NOUAMANE', 'nouamane.ouakour@uit.ac.ma', 745),
(16004132, 'KANDAZ', 'ZINEB', 'zineb.kandaz@uit.ac.ma', 746),
(16003987, 'BENGHABRIT', 'MOHAMMED', 'mohammed.benghabrit@uit.ac.ma', 747),
(16000131, 'KILITO', 'JAAFAR', 'jaafar.kilito@uit.ac.ma', 748),
(16000017, 'ZBIRI', 'WALID', 'walid.zbiri@uit.ac.ma', 749),
(16003941, 'EL-HOMAINI', 'ISSA', 'issa.elhomaini@uit.ac.ma', 750),
(13007956, 'ATTIKPATI', 'FOLUKE TIMOTHEE', 'foluketimothee.attikpati@uit.ac.ma', 751),
(13006704, 'AIT CHAIB', 'WALID', 'walid.aitchaib@uit.ac.ma', 752),
(14000138, 'SKRI', 'BADR-EZZAMAN', 'badrezzaman.skri@uit.ac.ma', 753),
(16009382, 'EL MOUMNI', 'AMINA', 'amina.elmoumni1@uit.ac.ma', 754),
(16009343, 'BIDDA', 'AMINE', 'amine.bidda@uit.ac.ma', 755),
(16011537, 'EL ABBADI', 'IBTIHAL', 'ibtihal.elabbadi@uit.ac.ma', 756),
(15004223, 'AKHRIF', 'ZINEB', 'zineb.akhrif@uit.ac.ma', 757),
(15004247, 'ARSALEN', 'HASSAN', 'hassan.arsalen@uit.ac.ma', 758),
(13007921, 'CHTIBY', 'SAFAA', 'safaa.chtiby@uit.ac.ma', 759),
(16007103, 'LAKOUISMI', 'CHAYMAA', 'chaymaa.lakouismi@uit.ac.ma', 760),
(16003932, 'BOUCHTITA', 'ISSAM', 'issam.bouchtita@uit.ac.ma', 761);
INSERT INTO `etudiant` (`apogee`, `nom`, `prenom`, `email`, `id_cv`) VALUES
(16004732, 'ERRAJI', 'SAMIA', 'samia.erraji@uit.ac.ma', 762),
(16006582, 'EL GHEMARI', 'HIND', 'hind.elghemari@uit.ac.ma', 763),
(16004628, 'BOUAZIZ', 'RAJAA', 'rajaa.bouaziz@uit.ac.ma', 764),
(16004667, 'TAHRI', 'OUASSIMA', 'ouassima.tahri@uit.ac.ma', 765),
(16004700, 'BENABDALLAH', 'AMINE', 'amine.benabdallah@uit.ac.ma', 766),
(15004746, 'SHAILI', 'OUMAIMA', 'oumaima.shaili@uit.ac.ma', 767),
(15000033, 'HACHCHOUM', 'MOHAMMED REDA', 'mohammedreda.hachchoum@uit.ac.ma', 768),
(16008664, 'BAALI', 'AYOUB', 'ayoub.baali@uit.ac.ma', 769),
(16008184, 'NOURREDDINE', 'YOUNESS', 'youness.nourreddine@uit.ac.ma', 770),
(16005700, 'CHAKIR', 'HIND', 'hind.chakir@uit.ac.ma', 771),
(16006740, 'BENZOUINA', 'OUMAIMA', 'oumaima.benzouina@uit.ac.ma', 772),
(14000216, 'EZZAAR', 'CHAIMAA', 'chaimaa.ezzaar@uit.ac.ma', 773),
(14000196, 'MOUJANE', 'LAMIAE', 'lamiae.moujane@uit.ac.ma', 774),
(13008732, 'MOUQINE', 'SARAH', 'sarah.mouqine@uit.ac.ma', 775),
(15000070, 'EL ALAMI', 'NIZAR', 'nizar.elalami@uit.ac.ma', 776),
(15000071, 'FKIHI', 'ANAS', 'anas.fkihi@uit.ac.ma', 777),
(15000091, 'REDDAD', 'HAKIMA', 'hakima.reddad@uit.ac.ma', 778),
(14000885, 'EL HATIMI', 'SOUKAINA', 'soukaina.elhatimi@uit.ac.ma', 779),
(15000150, 'AZRI', 'MAROUA', 'maroua.azri@uit.ac.ma', 780),
(14001418, 'BELHAJ', 'ZOUBIDA', 'zoubida.belhaj@uit.ac.ma', 781),
(14000119, 'ECH-CHIKHI', 'HIND', 'hind.echchikhi@uit.ac.ma', 782),
(14000101, 'ZAAME', 'IMANE', 'imane.zaame@uit.ac.ma', 783),
(14000093, 'ERRAJI', 'HAJAR', 'hajar.erraji@uit.ac.ma', 784),
(14000048, 'ASSIMI', 'CHAIMAA', 'chaimaa.assimi@uit.ac.ma', 785),
(14000037, 'KAMARA', 'YOUSSEF', 'youssef.kamara@uit.ac.ma', 786),
(14000202, 'SALHI', 'YASMINE', 'yasmine.salhi@uit.ac.ma', 787),
(14000213, 'FAHIM', 'MERYEM', 'meryem.fahim@uit.ac.ma', 788),
(14000032, 'DALIL', 'YOUSSEF', 'youssef.dalil@uit.ac.ma', 789),
(14000034, 'BOUDOUN', 'BASMA', 'basma.boudoun@uit.ac.ma', 790),
(16000051, 'OUHAMOU', 'HAMZA', 'hamza.ouhamou@uit.ac.ma', 791),
(16000029, 'ECHBARI', 'AYOUB', 'ayoub.echbari@uit.ac.ma', 792),
(16000063, 'EDDEGDAG', 'HICHAM', 'hicham.eddegdag@uit.ac.ma', 793),
(16000041, 'AHABBAR', 'OMAR', 'omar.ahabbar@uit.ac.ma', 794),
(16000011, 'KNIT', 'YASSINE', 'yassine.knit@uit.ac.ma', 795),
(16001406, 'LAAREJ', 'IBTISSAM', 'ibtissam.laarej@uit.ac.ma', 796),
(15006226, 'TOUAHRI', 'MOHAMMED', 'mohammed.touahri@uit.ac.ma', 797),
(15004764, 'DOGHMI', 'MERYAM', 'meryam.doghmi@uit.ac.ma', 798),
(15006575, 'SAADI', 'YASSIR', 'yassir.saadi@uit.ac.ma', 799),
(15005158, 'DAOUDI', 'MOUNAT', 'mounat.daoudi@uit.ac.ma', 800),
(15005712, 'EL HANCHI', 'OTHMANE', 'othmane.elhanchi@uit.ac.ma', 801),
(15000024, 'ZOUGAGH', 'YASSINE', 'yassine.zougagh@uit.ac.ma', 802),
(15000019, 'MISSAOUI', 'MERIEM', 'meriem.missaoui@uit.ac.ma', 803),
(14004633, 'FAOUZI', 'OUMAYMA', 'oumayma.faouzi@uit.ac.ma', 804),
(14004993, 'ZAARI JABIRI', 'SAMIYA', 'samiya.zaarijabiri@uit.ac.ma', 805),
(14004327, 'ARKIZA', 'MARIAM', 'mariam.arkiza@uit.ac.ma', 806),
(14000147, 'BOUSTANI', 'AYMANE', 'aymane.boustani@uit.ac.ma', 807),
(13002795, 'BENZAID', 'MOUHSSINE', 'mouhssine.benzaid@uit.ac.ma', 808),
(16005889, 'AFTIS', 'NOURA', 'noura.aftis@uit.ac.ma', 809),
(16005829, 'MIMIS', 'ASSIA', 'assia.mimis@uit.ac.ma', 810),
(16007935, 'CHRAIBI', 'HASSAN', 'hassan.chraibi@uit.ac.ma', 811),
(16006644, 'DAOUDI', 'ELMEHDI', 'elmehdi.daoudi@uit.ac.ma', 812),
(16006578, 'MEKKAOUI', 'RIM', 'rim.mekkaoui@uit.ac.ma', 813),
(16007438, 'RADI', 'MEHDI', 'mehdi.radi@uit.ac.ma', 814),
(14005170, 'BOUMAHDI', 'SARA', 'sara.boumahdi@uit.ac.ma', 815),
(14003993, 'AMEZYANE', 'ZINEB', 'zineb.amezyane@uit.ac.ma', 816),
(15000012, 'BENFEDANE', 'MOUAD', 'mouad.benfedane@uit.ac.ma', 817),
(15000149, 'SEFIANI', 'SALOUA', 'saloua.sefiani@uit.ac.ma', 818),
(15000139, 'MOUDDEN', 'CHAYMAE', 'chaymae.moudden@uit.ac.ma', 819),
(15000138, 'OUNABI', 'AYA', 'aya.ounabi@uit.ac.ma', 820),
(15000083, 'MIORQI', 'EL MEHDI', 'elmehdi.miorqi@uit.ac.ma', 821),
(15000081, 'LACHGUER', 'EL-MEHDI', 'elmehdi.lachguer@uit.ac.ma', 822),
(15000061, 'HIBOUR', 'ALI', 'ali.hibour@uit.ac.ma', 823),
(15000047, 'TARRE', 'MAROUANE', 'marouane.tarre@uit.ac.ma', 824),
(15000045, 'MERZAK', 'LOUBNA', 'loubna.merzak@uit.ac.ma', 825),
(14010196, 'DJUIPOU NJOUYEP', 'PAMELA', 'pamela.djuipounjouyep@uit.ac.ma', 826),
(15006753, 'OUMIMOUN', 'BADR', 'badr.oumimoun@uit.ac.ma', 827),
(15006681, 'AITIAZZA', 'SAID', 'said.aitiazza@uit.ac.ma', 828),
(15004864, 'N\'SSIS', 'MOHAMMED', 'mohammed.nssis@uit.ac.ma', 829),
(15003032, 'BASSAOUI', 'MERIEME', 'merieme.bassaoui@uit.ac.ma', 830),
(15004777, 'ZDAIK', 'HAMZA', 'hamza.zdaik@uit.ac.ma', 831),
(15000073, 'BERRADA', 'WISSAL', 'wissal.berrada@uit.ac.ma', 832),
(14000070, 'MAAYAT', 'SAFAA', 'safaa.maayat@uit.ac.ma', 833),
(14000084, 'CHENTOUFI', 'OUMAIMA', 'oumaima.chentoufi@uit.ac.ma', 834),
(14000112, 'ZAIM', 'HANAE', 'hanae.zaim@uit.ac.ma', 835),
(14000140, 'EL KHOMRI', 'EL MEHDI', 'elmehdi.elkhomri@uit.ac.ma', 836),
(14000150, 'ERRACHIDI', 'HAJAR', 'hajar.errachidi@uit.ac.ma', 837),
(14000175, 'QOHAFA', 'ABDERRAHMAN', 'abderrahman.qohafa@uit.ac.ma', 838),
(14004254, 'BOUZIANE', 'WALID', 'walid.bouziane@uit.ac.ma', 839),
(14004971, 'SLIMANI', 'ZAINAB', 'zainab.slimani@uit.ac.ma', 840),
(14003535, 'BENHAIMOUD', 'HAMZA', 'hamza.benhaimoud@uit.ac.ma', 841),
(15005309, 'EL JABIRI', 'ADNANE', 'adnane.eljabiri@uit.ac.ma', 842),
(14000185, 'MEZIANE', 'GHIZLANE', 'ghizlane.meziane@uit.ac.ma', 843),
(14001940, 'NAJI', 'YAHYA', 'yahya.naji@uit.ac.ma', 844),
(14004200, 'REZK', 'ZINEB', 'zineb.rezk@uit.ac.ma', 845),
(14000088, 'DAMIR', 'YOUSSEF', 'youssef.damir@uit.ac.ma', 846),
(14000007, 'LIAICHI', 'MOHAMED AMINE', 'mohamedamine.liaichi@uit.ac.ma', 847),
(14000203, 'KHBIZI', 'AYOUB', 'ayoub.khbizi@uit.ac.ma', 848),
(13002798, 'OUTALEB', 'DOUNIA', 'dounia.outaleb@uit.ac.ma', 849),
(13003050, 'HARIM', 'SALMA', 'salma.harim@uit.ac.ma', 850),
(13005274, 'OMARI', 'ABDELLAH', 'abdellah.omari@uit.ac.ma', 851),
(13005530, 'OUFKIR', 'BRAHIM', 'brahim.oufkir@uit.ac.ma', 852),
(13005198, 'EL MALYH', 'BADREDDINE', 'badreddine.elmalyh@uit.ac.ma', 853),
(13008174, 'HELLAL', 'MOHAMED EL HABIB', 'mohamedelhabib.hellal@uit.ac.ma', 854),
(14000062, 'LAMRAOUI', 'ANASS', 'anass.lamraoui@uit.ac.ma', 855),
(14000047, 'BARGACH', 'RANIA', 'rania.bargach@uit.ac.ma', 856),
(14000013, 'SAADAOUI', 'ACHRAF', 'achraf.saadaoui@uit.ac.ma', 857),
(13002599, 'GUELZIM', 'JIHANE', 'jihane.guelzim@uit.ac.ma', 858),
(13002548, 'EL ATLASSI', 'SARA', 'sara.elatlassi@uit.ac.ma', 859),
(12000183, 'EL OUASSDI', 'HIND', 'hind.elouassdi@uit.ac.ma', 860),
(12000048, 'BOUSSOUF', 'NISRINE', 'nisrine.boussouf@uit.ac.ma', 861),
(16009331, 'ZEGLAMA', 'AHMED', 'ahmed.zeglama@uit.ac.ma', 862),
(16009363, 'AITAZZOUZ', 'IMAD', 'imad.aitazzouz@uit.ac.ma', 863),
(16006671, 'EL HARICHI', 'CHAYMAE', 'chaymae.elharichi@uit.ac.ma', 864),
(16006574, 'EL MOUSSAOUI', 'CHAIMAE', 'chaimae.elmoussaoui1@uit.ac.ma', 865),
(16004140, 'HAMAN', 'SAMIA', 'samia.haman@uit.ac.ma', 866),
(16004146, 'NOHAIR', 'HAMZA', 'hamza.nohair@uit.ac.ma', 867),
(16006733, 'MOUMTAJI', 'ANAS', 'anas.moumtaji@uit.ac.ma', 868),
(16004018, 'MELYANI', 'YOUSSEF', 'youssef.melyani@uit.ac.ma', 869),
(16003985, 'ANNAJI', 'KAOUTAR', 'kaoutar.annaji@uit.ac.ma', 870),
(16004100, 'CHKIOUA', 'YASMINE', 'yasmine.chkioua@uit.ac.ma', 871),
(16003854, 'EL AMRAOUI', 'YASSINE', 'yassine.elamraoui@uit.ac.ma', 872),
(16004221, 'ANIGRI', 'SOUHA', 'souha.anigri@uit.ac.ma', 873),
(16005659, 'DIDI ALAOUI', 'BTISSAM', 'btissam.didialaoui@uit.ac.ma', 874),
(16004905, 'AHLA', 'YASSIR', 'yassir.ahla@uit.ac.ma', 875),
(15000038, 'DOUIREK', 'YOUSSEF', 'youssef.douirek@uit.ac.ma', 876),
(15000077, 'GAOUZI', 'ZAYNEB', 'zayneb.gaouzi@uit.ac.ma', 877),
(15000096, 'AMRANI SOUHLI', 'MOHAMMED', 'mohammed.amranisouhli@uit.ac.ma', 878),
(15000097, 'EL ALAOUI', 'MOUNA', 'mouna.elalaoui@uit.ac.ma', 879),
(15000126, 'EL HANBALI', 'HAMZA', 'hamza.elhanbali@uit.ac.ma', 880),
(15000141, 'ADENAS', 'ACHRAF', 'achraf.adenas@uit.ac.ma', 881),
(15000003, 'EL KHAOUDI', 'SALMA', 'salma.elkhaoudi@uit.ac.ma', 882),
(15002384, 'AYOUBI', 'OUMAIMA', 'oumaima.ayoubi@uit.ac.ma', 883),
(15003138, 'BABA', 'AHMED', 'ahmed.baba1@uit.ac.ma', 884),
(15004842, 'DAOUDI', 'MOHAMMED', 'mohammed.daoudi@uit.ac.ma', 885),
(15004793, 'ARHZANE', 'AMINE', 'amine.arhzane@uit.ac.ma', 886),
(15006062, 'BELATI', 'KAOUTAR', 'kaoutar.belati@uit.ac.ma', 887),
(15006791, 'OUMIMOUN', 'ZAKARIA', 'zakaria.oumimoun@uit.ac.ma', 888),
(15006660, 'RACHIDI', 'MOUNA', 'mouna.rachidi@uit.ac.ma', 889),
(15005270, 'BENKHALDOUN', 'HAMZA', 'hamza.benkhaldoun@uit.ac.ma', 890),
(15004921, 'OUBOHSSAINE', 'YOUNES', 'younes.oubohssaine@uit.ac.ma', 891),
(15008600, 'EL HABRI', 'ANASS', 'anass.elhabri@uit.ac.ma', 892),
(16001427, 'KCHIBEL', 'CHAYMAE', 'chaymae.kchibel@uit.ac.ma', 893),
(16000062, 'EL BAZI', 'FATIMA ZAHRA', 'fatimazahra.elbazi@uit.ac.ma', 894),
(16000036, 'LAHJOMRI', 'YOUSSEF', 'youssef.lahjomri@uit.ac.ma', 895),
(16000236, 'EL BIKRI', 'SAFAE', 'safae.elbikri@uit.ac.ma', 896),
(16000024, 'OUAHID', 'ACHRAF', 'ouahid.achraf@uit.ac.ma', 897),
(16000066, 'OUBNICHOU', 'NIHAL', 'nihal.oubnichou@uit.ac.ma', 898),
(16000039, 'KERKEB', 'YOUSRA', 'yousra.kerkeb@uit.ac.ma', 899),
(16001381, 'OUADOUDI', 'JAAFAR', 'jaafar.ouadoudi@uit.ac.ma', 900),
(16001583, 'BELHROUKIA', 'HANAE', 'hanae.belhroukia@uit.ac.ma', 901),
(16004865, 'LAMSAOURI', 'HAMZA', 'hamza.lamsaouri@uit.ac.ma', 902),
(16004165, 'KZIBER', 'OUMAIMA', 'oumaima.kziber@uit.ac.ma', 903),
(16003795, 'LAHMIDI', 'MOHAMMED TAOUFIK', 'mohammedtaoufik.lahmidi@uit.ac.ma', 904),
(16005637, 'EN-NAY', 'ZINEB', 'zineb.ennay@uit.ac.ma', 905),
(16005655, 'EZ ZAYAT', 'LAMYA', 'lamya.ezzayat@uit.ac.ma', 906),
(16004809, 'ZERRIF', 'YASSIR', 'yassir.zerrif@uit.ac.ma', 907),
(16004047, 'DOUIMIA', 'RIAD', 'riad.douimia@uit.ac.ma', 908),
(16004967, 'EL MAMY', 'YOUNES', 'younes.elmamy@uit.ac.ma', 909),
(16004757, 'TIMOULALI', 'OUAHIB', 'ouahib.timoulali@uit.ac.ma', 910),
(16004765, 'ABROUK-EL ALAMI', 'YOUSSRA', 'youssra.abroukelalami@uit.ac.ma', 911),
(16007130, 'BELMAHJOUB', 'YOUSSEF', 'youssef.belmahjoub@uit.ac.ma', 912),
(16007599, 'ASMAI', 'ANOUAR', 'anouar.asmai@uit.ac.ma', 913),
(16006572, 'FAIQ', 'ABDESSAMAD', 'abdessamad.faiq@uit.ac.ma', 914),
(16006747, 'DEBBI', 'YASSINE', 'yassine.debbi@uit.ac.ma', 915),
(16010369, 'ABOU-EL-KHALFI', 'ISMAIL', 'ismail.abouelkhalei@uit.ac.ma', 916),
(16010050, 'MRABAT', 'SAIDA', 'saida.mrabat@uit.ac.ma', 917),
(16009360, 'BELAOULA', 'MOHAMED AMINE', 'mohamedamine.belaoula@uit.ac.ma', 918),
(16012171, 'NEFZI', 'ILYAS', 'ilyas.nefzi1@uit.ac.ma', 919),
(16012809, 'SABRY', 'OUMAIMA', 'oumaima.sabry@uit.ac.ma', 920),
(16012797, 'FRIKI', 'MARIEME', 'marieme.friki1@uit.ac.ma', 921),
(12001974, 'LAAJILI', 'SOUMIA', 'soumia.laajili@uit.ac.ma', 922),
(12005579, 'BERRAHOU', 'AYOUB', 'ayoub.berrahou@uit.ac.ma', 923),
(13002784, 'ED-DAOUY', 'ABDELAZIZ', 'abdelaziz.eddaouy@uit.ac.ma', 924),
(13002949, 'EL HADRI', 'YASSINE', 'yassine.elhadri@uit.ac.ma', 925),
(13002970, 'KOUCHAM', 'FADOUA', 'fadoua.koucham@uit.ac.ma', 926),
(13002973, 'LAKHILI', 'ASMAE', 'asmae.lakhili@uit.ac.ma', 927),
(13003032, 'FRAIGUI', 'OUMAIMA', 'oumaima.fraigui@uit.ac.ma', 928),
(13002659, 'BENFETTAH', 'OUSSAMA', 'oussama.benfettah@uit.ac.ma', 929),
(13005695, 'EL MANAIA', 'ILIASS', 'iliass.elmanaia@uit.ac.ma', 930),
(14000004, 'LAQTOB', 'RANIA', 'rania.laqtob@uit.ac.ma', 931),
(14000005, 'DBIZA', 'HICHAM', 'hicham.dbiza@uit.ac.ma', 932),
(14000026, 'MOUAKKID', 'ZAKARIA', 'zakaria.mouakkid@uit.ac.ma', 933),
(14000041, 'BOUKAIBAT', 'ACHRAF', 'achraf.boukaibat@uit.ac.ma', 934),
(14000043, 'KARROUM', 'OMAIMA', 'omaima.karroum@uit.ac.ma', 935),
(14000045, 'SEYAR', 'HAFSA', 'hafsa.seyar@uit.ac.ma', 936),
(14000099, 'LALAOUI MOUTARAJJI', 'ZINEB', 'zineb.lalaouimoutarajji@uit.ac.ma', 937),
(14000148, 'JEBBOUR', 'MOHAMED AMINE', 'mohamedamine.jebbour@uit.ac.ma', 938),
(14000149, 'BELOUIZA', 'CHARIFA', 'charifa.belouiza@uit.ac.ma', 939),
(14000166, 'ROUDI-CHEMMAA', 'IMANE', 'imane.roudichemmaa@uit.ac.ma', 940),
(14000186, 'ESSALHI', 'NADIYA', 'nadiya.essalhi@uit.ac.ma', 941),
(14001914, 'ABERCHANE', 'OUMAIMA', 'oumaima.aberchane@uit.ac.ma', 942),
(14002076, 'HADI', 'NOUR EL HOUDA', 'nourelhouda.hadi@uit.ac.ma', 943),
(14004229, 'OMERANI', 'HANANE', 'hanane.omerani@uit.ac.ma', 944),
(14004031, 'BIADI', 'NAJLAA', 'najlaa.biadi@uit.ac.ma', 945),
(14004067, 'AQIQ', 'MARYAME', 'maryame.aqiq@uit.ac.ma', 946),
(14005305, 'ESSAADI', 'RAJAE', 'rajae.essaadi@uit.ac.ma', 947),
(14005491, 'BOUAZZA', 'FADWA', 'fadwa.bouazza@uit.ac.ma', 948),
(14006676, 'HADRANY', 'AMINE', 'amine.hadrany@uit.ac.ma', 949),
(15000030, 'ETTAHERI', 'MOUNIA', 'mounia.ettaheri@uit.ac.ma', 950),
(15000031, 'AMHOUD', 'SAFAE', 'safae.amhoud@uit.ac.ma', 951),
(15000098, 'BOUYA', 'SANAE', 'sanae.bouya@uit.ac.ma', 952),
(15004233, 'NAOUM', 'OTHMANE', 'othmane.naoum@uit.ac.ma', 953),
(15004836, 'BOUZAGZAOU', 'WALID', 'walid.bouzagzaou@uit.ac.ma', 954),
(15004758, 'HANANE', 'AYMANE', 'aymane.hanane@uit.ac.ma', 955),
(15006018, 'DAAMACHE', 'ABIR', 'abir.daamache@uit.ac.ma', 956),
(15004922, 'JEMILY', 'ANAS', 'anas.jemily@uit.ac.ma', 957),
(15007086, 'ZAITER', 'ALAAEDDINE', 'alaaeddine.zaiter@uit.ac.ma', 958),
(15007198, 'AGOUZOUL', 'LOUBNA', 'loubna.agouzoul@uit.ac.ma', 959),
(15009289, 'DIOUF', 'NDIAYO', 'ndiayo.diouf@uit.ac.ma', 960),
(16000004, 'AARAB', 'ASMAE', 'asmae.aarab1@uit.ac.ma', 961),
(16000057, 'BENELKARI', 'YASSINE', 'yassine.benelkari@uit.ac.ma', 962),
(16000068, 'EL RHEZZALI', 'MANAL', 'manal.elrhezzali@uit.ac.ma', 963),
(16000298, 'LOTFI', 'ZINEB', 'zineb.lotfi@uit.ac.ma', 964),
(16000178, 'AINOUCH', 'TAHA', 'taha.ainouch@uit.ac.ma', 965),
(16000043, 'EL HAMRI', 'FOUAD', 'fouad.elhamri@uit.ac.ma', 966),
(16000094, 'IBN MAJAH', 'MOHAMMED-ZIDANE', 'mohammedzidane.ibnmajah@uit.ac.ma', 967),
(16000070, 'BOUMEZOUED', 'OUMAIMA', 'oumaima.boumezoued@uit.ac.ma', 968),
(16000088, 'ZOUAK', 'MAROUANE', 'marouane.zouak@uit.ac.ma', 969),
(16000078, 'BOUNASSEH', 'HAMZA', 'hamza.bounasseh@uit.ac.ma', 970),
(16000080, 'ESSEMLALI', 'OUSSAMA', 'oussama.essemlali@uit.ac.ma', 971),
(16000093, 'ABDELLAOUI', 'BTIHAL', 'btihal.abdellaoui@uit.ac.ma', 972),
(16000194, 'SARDI', 'MOUAD', 'mouad.sardi@uit.ac.ma', 973),
(16000044, 'EL MANSOUR', 'IBRAHIM', 'ibrahim.elmansour@uit.ac.ma', 974),
(13007923, 'EL OUARTI', 'YASSIR', 'yassir.elouarti@uit.ac.ma', 975),
(13007078, 'LAALAMI', 'ABDESSALAM', 'abdessalam.laalami@uit.ac.ma', 976),
(14000200, 'EL MAAROUFI', 'AMAR', 'amar.elmaaroufi@uit.ac.ma', 977),
(14000208, 'BAHBABI', 'ZAKARIA', 'zakaria.bahbabi@uit.ac.ma', 978),
(14000014, 'KAFOU', 'MAROUANE', 'marouane.kafou@uit.ac.ma', 979),
(14000022, 'RIFI', 'ZAINAB', 'zainab.rifi@uit.ac.ma', 980),
(14000024, 'DERKAOUI', 'ANOUAR', 'anouar.derkaoui@uit.ac.ma', 981),
(14000051, 'EL IDRISSI', 'SOFIA', 'sofia.elidrissi@uit.ac.ma', 982),
(14000055, 'BENNANI', 'ZAID', 'zaid.bennani@uit.ac.ma', 983),
(14000058, 'BOUDAKHANE', 'ALI', 'ali.boudakhane@uit.ac.ma', 984),
(14000061, 'JAHID', 'SALIMA', 'salima.jahid@uit.ac.ma', 985),
(14000068, 'MOUAD', 'CHAIMAA', 'chaimaa.mouad@uit.ac.ma', 986),
(14000102, 'ATIR', 'LAILA', 'laila.atir@uit.ac.ma', 987),
(14000116, 'ZAHIR', 'YASMINE', 'yasmine.zahir@uit.ac.ma', 988),
(14000130, 'SAHRAOUI DOUKKALI', 'SAAD', 'saad.sahraouidoukkali@uit.ac.ma', 989),
(14000132, 'CHAABI', 'NAIMA', 'naima.chaabi@uit.ac.ma', 990),
(14000136, 'ATAR', 'WIAME', 'wiame.atar@uit.ac.ma', 991),
(14000188, 'AMARA', 'FATIMA ZAHRAE', 'fatimazahrae.amara@uit.ac.ma', 992),
(14002930, 'BOUAZIZEN', 'BADR', 'badr.bouazizen@uit.ac.ma', 993),
(14004218, 'LAQIDI', 'RIM', 'rim.laqidi@uit.ac.ma', 994),
(14004781, 'BEL HOUSSINE', 'MOUAAD', 'mouaad.belhoussine@uit.ac.ma', 995),
(14004572, 'RHOUAS', 'SARA', 'sara.rhouas@uit.ac.ma', 996),
(14003591, 'BENDANIA', 'AYMANE', 'aymane.bendania@uit.ac.ma', 997),
(14003641, 'TERRAF', 'MOHAMED CHERIF', 'mohamedcherif.terraf@uit.ac.ma', 998),
(14009372, 'BENTALEB', 'YOUSSEF', 'youssef.bentaleb1@uit.ac.ma', 999),
(15000034, 'SAIDI', 'MOHAMED', 'mohamed.saidi1@uit.ac.ma', 1000),
(13005237, 'MCHAREG', 'HIND', 'hind.mchareg@uit.ac.ma', 1001),
(13006087, 'RACHID', 'SARA', 'sara.rachid@uit.ac.ma', 1002),
(13006832, 'HADIT', 'OUSSAMA', 'oussama.hadit@uit.ac.ma', 1003),
(15008420, 'EL HORD', 'IKRAM', 'ikram.elhord@uit.ac.ma', 1004),
(16001485, 'LAZFI', 'YAZID', 'yazid.lazfi@uit.ac.ma', 1005),
(16000038, 'ESSABBANE', 'SAFAE', 'safae.essabbane@uit.ac.ma', 1006),
(16000050, 'EL HALABI', 'AYOUB', 'ayoub.elhalabi@uit.ac.ma', 1007),
(16000008, 'HADDOU', 'NADA', 'nada.haddou@uit.ac.ma', 1008),
(16000176, 'ASEBRIY', 'ZINEB', 'zineb.asebriy@uit.ac.ma', 1009),
(16000077, 'TAHIRI', 'MOHAMMED AMINE', 'mohammedamine.tahiri@uit.ac.ma', 1010),
(16000195, 'TRIBAK', 'YASSINE', 'tribak.yassine@uit.ac.ma', 1011),
(16000018, 'CHIBI', 'SAAD', 'saad.chibi@uit.ac.ma', 1012),
(16003813, 'BENDALI', 'AMINE', 'amine.bendali@uit.ac.ma', 1013),
(16004126, 'DINAR', 'OTHMANE', 'othmane.dinar@uit.ac.ma', 1014),
(16005665, 'AZMI', 'NISRINE', 'nisrine.azmi@uit.ac.ma', 1015),
(16003959, 'EL KHABOURI', 'FATIMA ZAHRA', 'fatimazahra.elkhabouri@uit.ac.ma', 1016),
(16004032, 'BOUHOUCH', 'ZAKARIA', 'zakaria.bouhouch@uit.ac.ma', 1017),
(16004799, 'EL OUEZGHARI', 'YOUSSEF', 'youssef.elouezghari@uit.ac.ma', 1018),
(16004062, 'ENNADDAM', 'YOUSRA', 'yousra.ennaddam@uit.ac.ma', 1019),
(16004613, 'AIT CHEIKH', 'ZAKARIAE', 'zakariae.aitcheikh@uit.ac.ma', 1020),
(16005772, 'KHALIL', 'CHAIMAE', 'chaimae.khalil@uit.ac.ma', 1021),
(16006655, 'ISMAILI', 'SOUKAINA', 'soukaina.ismaili@uit.ac.ma', 1022),
(16006741, 'FAQIR', 'CHAYMAA', 'chaymaa.faqir@uit.ac.ma', 1023),
(16006599, 'EL MEJJATI', 'HOUSSAM EDDINE', 'houssameddine.elmejjati@uit.ac.ma', 1024),
(16010130, 'BELMAATI', 'SAFAE', 'safae.belmaati@uit.ac.ma', 1025),
(16009358, 'AMGHARI', 'MANAL', 'manal.amghari@uit.ac.ma', 1026),
(16009734, 'LAHLIMI', 'SOFIA', 'sofia.lahlimi@uit.ac.ma', 1027),
(12000185, 'AZOUGGAGH', 'NAHLA', 'nahla.azouggagh@uit.ac.ma', 1028),
(13002773, 'ACHAHBOUN', 'EL-MEHDI', 'elmehdi.achahboun@uit.ac.ma', 1029),
(13002793, 'EL SABROUTY', 'RIHAB', 'rihab.elsabrouty@uit.ac.ma', 1030),
(13002954, 'IHIA', 'JIHANE', 'jihane.ihia@uit.ac.ma', 1031),
(15004876, 'SAMGHOULI', 'HAFSA', 'hafsa.samghouli@uit.ac.ma', 1032),
(15006050, 'RAHIMI', 'MARYEM', 'maryem.rahimi@uit.ac.ma', 1033),
(15004914, 'CHEDDADI', 'HAMZA', 'hamza.cheddadi@uit.ac.ma', 1034),
(15008403, 'AHMANI', 'OUMAIMA', 'oumaima.ahmani@uit.ac.ma', 1035),
(15008406, 'BACHIRI', 'SOUHAIL', 'souhail.bachiri@uit.ac.ma', 1036),
(14000179, 'MOUSSEHIL', 'ACHRAF', 'achraf.moussehil@uit.ac.ma', 1037),
(14004714, 'EL MABROUKI', 'HATIM', 'hatim.elmabrouki@uit.ac.ma', 1038),
(14004946, 'MAZOUR', 'AHMED', 'ahmed.mazour@uit.ac.ma', 1039),
(14008626, 'EL ACHRAF', 'ABDEDDAIM', 'abdeddaim.elachraf@uit.ac.ma', 1040),
(15000029, 'EL MASBAHI', 'YOUSRA', 'yousra.elmasbahi@uit.ac.ma', 1041),
(15000050, 'AZZOUZ', 'FADI', 'fadi.azzouz@uit.ac.ma', 1042),
(15000076, 'ALAMI M\'CHICHI', 'MAROUA', 'maroua.alamimchichi@uit.ac.ma', 1043),
(15000135, 'REIFHI EL ALAOUI', 'OULAYA', 'oulaya.reifhielalaoui@uit.ac.ma', 1044),
(15000151, 'CHABANI', 'OUSSAMA', 'oussama.chabani@uit.ac.ma', 1045),
(15002637, 'HADAMI', 'ABDENNACER', 'abdennacer.hadami@uit.ac.ma', 1046),
(15004669, 'ZOUITINA', 'BTISSAM', 'btissam.zouitina@uit.ac.ma', 1047),
(15004819, 'KRIEM', 'ABDERRAZZAK', 'abderrazzak.kriem@uit.ac.ma', 1048),
(15004851, 'ARAB', 'OUMAIMA', 'oumaima.arab@uit.ac.ma', 1049),
(14000214, 'TOUZANI', 'OSSAMA', 'ossama.touzani@uit.ac.ma', 1050),
(14000851, 'RHESRI', 'ABDESSAMAD', 'abdessamad.rhesri@uit.ac.ma', 1051),
(14000925, 'TATA', 'OUMAYMA', 'oumayma.tata@uit.ac.ma', 1052),
(14000001, 'BOUHNINI', 'MONCEF', 'moncef.bouhnini@uit.ac.ma', 1053),
(14000021, 'EL HADI', 'JIHAD', 'jihad.elhadi@uit.ac.ma', 1054),
(14000146, 'ESSADIQI', 'DOUNIA', 'dounia.essadiqi@uit.ac.ma', 1055),
(14000151, 'LAKHYARI', 'SOUHAYA', 'souhaya.lakhyari@uit.ac.ma', 1056),
(13003068, 'KABOURI', 'OUMAIMA', 'oumaima.kabouri@uit.ac.ma', 1057),
(13002639, 'ASSAL', 'AHMED REDA', 'ahmedreda.assal@uit.ac.ma', 1058),
(13003148, 'KHETTOUCH', 'NADIA', 'nadia.khettouch@uit.ac.ma', 1059),
(13007967, 'BOUCHAHMOUD', 'KENZA', 'kenza.bouchahmoud@uit.ac.ma', 1060),
(13007014, 'EL-ABBADI', 'BOUTAINA', 'boutaina.elabbadi@uit.ac.ma', 1061),
(14000199, 'LAKHSSASSI', 'IMANE', 'imane.lakhssassi@uit.ac.ma', 1062),
(14000207, 'BAJI', 'ADAM', 'adam.baji@uit.ac.ma', 1063),
(13002789, 'AZREG', 'AYMAN', 'ayman.azreg@uit.ac.ma', 1064),
(13002957, 'CHOUAIBI', 'NIAMATE', 'niamate.chouaibi@uit.ac.ma', 1065),
(13002966, 'LBOUKILI', 'SAFAA', 'safaa.lboukili@uit.ac.ma', 1066),
(18000106, 'KHYARA', 'HAMZA', 'hamza.khyara@uit.ac.ma', 1067),
(18000105, 'KARAOUI', 'HAITAM', 'haitam.karaoui@uit.ac.ma', 1068),
(18000051, 'BABACAR', 'TAH', 'tah.babacar@uit.ac.ma', 1069),
(18000101, 'AYYACH', 'OUSSAMA', 'oussama.ayyach@uit.ac.ma', 1070),
(18000078, 'EL BAKKOURI', 'NAJLAE', 'najlae.elbakkouri@uit.ac.ma', 1071),
(18000075, 'EL MANNOUTI', 'MOHAMED', 'mohamed.elmannouti@uit.ac.ma', 1072),
(18000171, 'OURAOUI', 'OUSSAMA', 'oussama.ouraoui@uit.ac.ma', 1073),
(18000184, 'OUJAA', 'YASSINE', 'yassine.oujaa@uit.ac.ma', 1074),
(18000167, 'EL ATTAOUI', 'MOHAMED', 'mohamed.elattaoui@uit.ac.ma', 1075),
(18009656, 'DAFAYA', 'ABDELKBIR', 'abdelkbir.dafaya@uit.ac.ma', 1076),
(18000111, 'ZAHI', 'ABIR', 'abir.zahi@uit.ac.ma', 1077),
(18000152, 'JAOUAD', 'ABIR', 'abir.jaouad@uit.ac.ma', 1078),
(18000031, 'DARDARI', 'REDA', 'reda.dardari@uit.ac.ma', 1079),
(18000029, 'LAHLOU', 'HAJAR', 'hajar.lahlou@uit.ac.ma', 1080),
(18000157, 'AOUZAL', 'OUMAIMA', 'oumaima.aouzal@uit.ac.ma', 1081),
(18010337, 'ATARRACHI', 'HALIMA', 'halima.atarrachi@uit.ac.ma', 1082),
(18000199, 'NAJOUI', 'MOHAMMED', 'mohammed.najoui@uit.ac.ma', 1083),
(18000034, 'BRIOUGA', 'ZAINAB', 'zainab.briouga@uit.ac.ma', 1084),
(18010495, 'ALI FDAL', 'WIAM', 'alifdal.wiam@uit.ac.ma', 1085),
(18000027, 'BOUCHENTOUF', 'HATIM', 'hatim.bouchentouf@uit.ac.ma', 1086),
(18000124, 'KHAIREDDINE', 'RADOUANE', 'radouane.khaireddine@uit.ac.ma', 1087),
(18000060, 'CHMARKH', 'OUMAYMA', 'oumayma.chmarkh@uit.ac.ma', 1088),
(18000032, 'CHLAOU', 'OUSSAMA', 'oussama.chlaou@uit.ac.ma', 1089),
(18000021, 'ZEBDI', 'NOUHAILA', 'nouhaila.zebdi@uit.ac.ma', 1090),
(18009635, 'KARKOURI', 'NISSRINE', 'nissrine.karkouri@uit.ac.ma', 1091),
(18000082, 'NAAS', 'NOURELHODA', 'nourelhoda.naas@uit.ac.ma', 1092),
(18000096, 'HASSANI', 'OUMAIMA', 'oumaima.hassani1@uit.ac.ma', 1093),
(18000062, 'ELHARTI', 'CHAYMAA', 'chaymaa.elharti@uit.ac.ma', 1094),
(18000044, 'KARKAZI', 'HAMZA', 'hamza.karkazi@uit.ac.ma', 1095),
(18000151, 'FAIZ', 'ANOUAR', 'anouar.faiz@uit.ac.ma', 1096),
(18000025, 'ZIYANE', 'NOUHAILA', 'nouhaila.ziyane@uit.ac.ma', 1097),
(18000058, 'EL ALAOUY', 'LAILA', 'laila.elalaouy@uit.ac.ma', 1098),
(18000120, 'MOSTAHFID', 'AHMED', 'ahmed.mostahfid@uit.ac.ma', 1099),
(18000187, 'EL HAJJI', 'LOUBNA', 'loubna.elhajji@uit.ac.ma', 1100),
(18000030, 'BEKRI', 'AMAL', 'amal.bekri@uit.ac.ma', 1101),
(18000206, 'OUKSSIH', 'EL MEHDI', 'elmehdi.oukssih@uit.ac.ma', 1102),
(18000172, 'BOUKARTACHA', 'AYOUB', 'ayoub.boukartacha@uit.ac.ma', 1103),
(18000072, 'OUBAKALLA', 'ACHRAF', 'achraf.oubakalla@uit.ac.ma', 1104),
(18000179, 'ZEROUAL', 'AIMEN', 'aimen.zeroual@uit.ac.ma', 1105),
(18000212, 'ALLALOU', 'ABDELHAKIM', 'abdelhakim.allalou@uit.ac.ma', 1106),
(18000200, 'ES-SOUALHI', 'ANAS', 'anas.essoualhi@uit.ac.ma', 1107),
(18000023, 'JABOBKER', 'YOUNES', 'younes.jabobker@uit.ac.ma', 1108),
(18000128, 'CHAOU', 'SALMA', 'salma.chaou@uit.ac.ma', 1109),
(18000069, 'ABDELKRIMI', 'RIDA', 'rida.abdelkrimi@uit.ac.ma', 1110),
(17008796, 'NDIAYE', 'DIOR', 'dior.ndiaye@uit.ac.ma', 1111),
(17008721, 'NIKIEMA', 'POULOUMDE', 'pouloumde.nikiema@uit.ac.ma', 1112),
(17008690, 'OUEDRAOGO', 'MAROU', 'marou.ouedraogo@uit.ac.ma', 1113),
(16004931, 'TEBAA', 'MOHAMMED SAAD', 'mohammedsaad.tebaa@uit.ac.ma', 1114),
(18010408, 'GOMES DE BARROS', 'BENJAMIM MIGUEL', 'gomesdebarros.benjamimmiguel@uit.ac.ma', 1115),
(18010233, 'AIT ABBOU', 'HOUYAME', 'houyame.aitabbou@uit.ac.ma', 1116),
(18010238, 'TIYAL', 'YAHYA', 'yahya.tiyal@uit.ac.ma', 1117),
(18010407, 'BENOUACHANE', 'NADA', 'benouachane.nada@uit.ac.ma', 1118),
(18010404, 'ELAZIZI', 'CHAIMAE', 'elazizi.chaimae@uit.ac.ma', 1119),
(18010762, 'MELLOULI', 'YASSINE', 'mellouli.yassine@uit.ac.ma', 1120),
(18010142, 'PIBA', 'KOKO JEAN HUGUES', 'kokojeanhugues.piba@uit.ac.ma', 1121),
(18010145, 'NGAYONG', 'JESSICA SLONE', 'jessicaslone.ngayong@uit.ac.ma', 1122),
(18009645, 'EL ALAOUI', 'SANAE', 'sanae.elalaoui@uit.ac.ma', 1123),
(18009982, 'SECK', 'PAPE AMATH', 'papeamath.seck@uit.ac.ma', 1124),
(18009626, 'BILLE', 'FATMA  AHMEDOU', 'fatmaahmedou.bille@uit.ac.ma', 1125),
(18010763, 'MAHBOUB', 'MALIKA', 'mahboub.malika@uit.ac.ma', 1126),
(18010362, 'BOURRAS', 'OUMAYMA', 'oumayma.bourras@uit.ac.ma', 1127),
(18010496, 'OUBAHASSOU', 'SANAE', 'oubahassou.sanae@uit.ac.ma', 1128),
(18009648, 'HIRCH', 'MAROUANE', 'marouane.hirch@uit.ac.ma', 1129),
(18010332, 'AZZI', 'ALAA-EDDINE', 'alaaeddine.azzi@uit.ac.ma', 1130),
(18009963, 'YAHYAOUI', 'ISMAIL', 'ismail.yahyaoui@uit.ac.ma', 1131),
(18010148, 'SOW', 'PENDA', 'penda.sow@uit.ac.ma', 1132),
(18009966, 'EL HAJJI', 'HASNAA', 'hasnaa.elhajji@uit.ac.ma', 1133),
(18009518, 'TALEB VEZAZ', 'MARIEM MENE', 'mariemmene.talebvezaz@uit.ac.ma', 1134),
(18009818, 'BAH', 'HADJA OUMOU SALAMATA', 'hadjaoumousalamata.bah@uit.ac.ma', 1135),
(18010497, 'DA COSTA TAVARES', 'JANICE', 'dacostatavares.janice@uit.ac.ma', 1136),
(18009895, 'BARA', 'FATIMA', 'fatima.bara@uit.ac.ma', 1137),
(18009962, 'ACHBAKOU', 'ANAS', 'anas.achbakou@uit.ac.ma', 1138),
(18009897, 'BEN\'NALI', 'MOUAD', 'mouad.bennali@uit.ac.ma', 1139),
(18009820, 'EL ARABI', 'WIAM', 'wiam.elarabi@uit.ac.ma', 1140),
(18009822, 'ALLAM', 'OUSSAMA', 'oussama.allam@uit.ac.ma', 1141),
(18009590, 'MARRAKCHI', 'AHMED AYMEN', 'ahmedaymen.marrakchi@uit.ac.ma', 1142),
(18014497, 'BOUGADER', 'AYOUB', 'ayoub.bougader@uit.ac.ma', 1143),
(18014483, 'ARBAA', 'YASSINE', 'yassine.arbaa@uit.ac.ma', 1144),
(18014471, 'BOUCHOUK', 'FAROUK', 'farouk.bouchouk1@uit.ac.ma', 1145),
(18014469, 'BOUGHOUD', 'YOUSSEF', 'youssef.boughoud1@uit.ac.ma', 1146),
(18014465, 'AIT GOUFRA', 'YOUSSEF', 'youssef.aitgoufra@uit.ac.ma', 1147),
(18014480, 'NOURRI', 'ABDELHAKIM', 'abdelhakim.nourri@uit.ac.ma', 1148),
(18014488, 'DRIOUCHE', 'ZAID', 'zaid.driouche1@uit.ac.ma', 1149),
(18014467, 'ELHAMDOUCHI', 'OUSSAMA', 'oussama.elhamdouchi@uit.ac.ma', 1150),
(18014490, 'BELAHCENE', 'OMAR ZAKARIA', 'omarzakaria.belahcene@uit.ac.ma', 1151),
(18014500, 'ELGUENNOUNI', 'ILYASS', 'ilyass.elguennouni@uit.ac.ma', 1152),
(18014492, 'ZERHOUNI', 'SALIM', 'salim.zerhouni@uit.ac.ma', 1153),
(18014495, 'ELHAJLI', 'OUSSAMA', 'oussama.elhajli@uit.ac.ma', 1154),
(18014473, 'BERRADIA', 'AHMED', 'ahmed.berradia@uit.ac.ma', 1155),
(18014466, 'MARROUNE', 'MOUAD', 'mouad.marroune@uit.ac.ma', 1156),
(18014482, 'FLILISS', 'REDA', 'reda.fliliss@uit.ac.ma', 1157),
(18014486, 'FARID', 'MOUZOUNE', 'mouzoune.farid@uit.ac.ma', 1158),
(18014472, 'ROUSSY', 'AMINE', 'amine.roussy@uit.ac.ma', 1159),
(18014487, 'LETRECH', 'HAMZA', 'hamza.letrech@uit.ac.ma', 1160),
(18014535, 'IDRISSI CHIRIF', 'SOUFIANE', 'soufiane.idrissichirif@uit.ac.ma', 1161),
(18014478, 'OUAKASSI', 'ACHRAF', 'achraf.ouakassi@uit.ac.ma', 1162),
(18014531, 'BOUHRARA', 'YASSIR', 'yassir.bouhrara@uit.ac.ma', 1163);

-- --------------------------------------------------------

--
-- Structure de la table `experience`
--

DROP TABLE IF EXISTS `experience`;
CREATE TABLE IF NOT EXISTS `experience` (
  `Id_Exp` int(11) NOT NULL AUTO_INCREMENT,
  `Année_Exp` int(11) DEFAULT NULL,
  `Poste` text,
  `Id_cv` int(11) DEFAULT NULL,
  PRIMARY KEY (`Id_Exp`)
) ENGINE=MyISAM AUTO_INCREMENT=52 DEFAULT CHARSET=latin1;

--
-- Déchargement des données de la table `experience`
--

INSERT INTO `experience` (`Id_Exp`, `Année_Exp`, `Poste`, `Id_cv`) VALUES
(47, 2018, 'Stage a SNRT', 703),
(49, 2018, 'membre dans le club associatif ANARUZ', 392),
(50, 2018, 'Membre dans le Club Industriel et Logistique CIEL', 399),
(51, 2018, 'Stage a Centre appel', 896);

-- --------------------------------------------------------

--
-- Structure de la table `langue`
--

DROP TABLE IF EXISTS `langue`;
CREATE TABLE IF NOT EXISTS `langue` (
  `Id_langue` int(11) NOT NULL AUTO_INCREMENT,
  `Titre_langue` varchar(20) DEFAULT NULL,
  `Niveau` int(11) DEFAULT NULL,
  PRIMARY KEY (`Id_langue`)
) ENGINE=MyISAM AUTO_INCREMENT=85 DEFAULT CHARSET=latin1;

--
-- Déchargement des données de la table `langue`
--

INSERT INTO `langue` (`Id_langue`, `Titre_langue`, `Niveau`) VALUES
(78, 'français', 5),
(82, 'français', 4),
(83, 'Français', 3),
(84, 'français', 4);

-- --------------------------------------------------------

--
-- Structure de la table `parler`
--

DROP TABLE IF EXISTS `parler`;
CREATE TABLE IF NOT EXISTS `parler` (
  `Id_cv` int(11) NOT NULL,
  `Id_langue` int(11) NOT NULL,
  PRIMARY KEY (`Id_cv`,`Id_langue`)
) ENGINE=MyISAM DEFAULT CHARSET=latin1;

--
-- Déchargement des données de la table `parler`
--

INSERT INTO `parler` (`Id_cv`, `Id_langue`) VALUES
(392, 82),
(399, 83),
(703, 78),
(896, 84);
COMMIT;

/*!40101 SET CHARACTER_SET_CLIENT=@OLD_CHARACTER_SET_CLIENT */;
/*!40101 SET CHARACTER_SET_RESULTS=@OLD_CHARACTER_SET_RESULTS */;
/*!40101 SET COLLATION_CONNECTION=@OLD_COLLATION_CONNECTION */;
